season,game_date,home_team,away_team,home_score,away_score,home_win,label,neutral,elo_diff,win_pct_diff,log5_prob,pythagorean_diff,is_home
2021,2021-05-05,WSH,ATL,80,87,0,0,0,0.0,0.0,0.5,0.0,1.0
2021,2021-05-08,DAL,CONN,76,89,0,0,0,0.0,0.0,0.5,0.0,1.0
2021,2021-05-08,MIN,WSH,79,68,1,1,0,11.709973573436173,0.0,0.5,0.0,1.0
2021,2021-05-08,LA,LV,85,85,0,0,0,0.0,0.0,0.5,0.0,1.0
2021,2021-05-08,PHX,SEA,71,88,0,0,0,0.0,0.0,0.5,0.0,1.0
2021,2021-05-09,IND,CHI,82,65,1,1,0,0.0,0.0,0.5,0.0,1.0
2021,2021-05-11,CHI,IND,83,70,1,1,0,-16.580052853127654,0.0,0.5,0.0,1.0
2021,2021-05-14,NY,IND,90,87,1,1,0,0.4667127899224397,0.0,0.5,0.0,1.0
2021,2021-05-14,ATL,CONN,67,78,0,0,0,0.0,0.0,0.5,0.0,1.0
2021,2021-05-14,MIN,PHX,75,77,0,0,0,19.67481223144864,0.0,0.5,0.0,1.0
2021,2021-05-14,LA,DAL,71,94,0,0,0,0.0,0.0,0.5,0.0,1.0
2021,2021-05-15,WSH,CHI,56,70,0,0,0,-20.14152502137108,0.0,0.5,0.0,1.0
2021,2021-05-15,SEA,LV,97,83,1,1,0,0.0,0.0,0.5,0.0,1.0
2021,2021-05-16,IND,NY,65,73,0,0,0,-17.02069106904355,0.0,0.5,0.0,1.0
2021,2021-05-16,CONN,PHX,86,78,1,1,0,22.876066639980763,0.0,0.5,0.0,1.0
2021,2021-05-18,NY,MIN,86,75,1,1,0,23.79677683000341,0.0,0.5,0.0,1.0
2021,2021-05-18,WSH,PHX,70,91,0,0,0,-23.702034646149514,0.0,0.5,0.0,1.0
2021,2021-05-18,SEA,LV,80,96,0,0,0,16.580052853127654,0.0,0.5,0.0,1.0
2021,2021-05-19,ATL,CHI,77,85,0,0,0,-11.608925378703134,0.0,0.5,0.0,1.0
2021,2021-05-19,CONN,IND,88,67,1,1,0,51.05329202545431,0.0,0.5,0.0,1.0
2021,2021-05-20,MIN,SEA,78,90,0,0,0,-19.75371720992871,0.0,0.5,0.0,1.0
2021,2021-05-21,IND,ATL,79,83,0,0,0,-15.498816979481035,0.0,0.5,0.0,1.0
2021,2021-05-21,WSH,NY,101,72,1,1,0,-68.9995796761757,0.0,0.5,0.0,1.0
2021,2021-05-21,PHX,CONN,67,84,0,0,0,-34.06106590145032,0.0,0.5,0.0,1.0
2021,2021-05-21,LV,LA,97,69,1,1,0,39.009031050445174,0.0,0.5,0.0,1.0
2021,2021-05-22,DAL,SEA,97,100,0,0,0,-18.984090804166954,0.0,0.5,0.0,1.0
2021,2021-05-23,CHI,NY,85,93,0,0,0,6.110166256380808,0.0,0.5,0.0,1.0
2021,2021-05-23,IND,WSH,89,77,1,1,0,-6.557566361355839,0.0,0.5,0.0,1.0
2021,2021-05-23,LV,CONN,65,72,0,0,0,-25.918140138453282,0.0,0.5,0.0,1.0
2021,2021-05-24,NY,DAL,88,81,1,1,0,39.93787475023669,0.0,0.5,0.0,1.0
2021,2021-05-25,IND,WSH,69,85,0,0,0,10.390075412836268,0.0,0.5,0.0,1.0
2021,2021-05-25,CHI,ATL,83,90,0,0,0,11.222610508831622,0.0,0.5,0.0,1.0
2021,2021-05-25,SEA,CONN,90,87,1,1,0,-29.550879725797586,0.0,0.5,0.0,1.0
2021,2021-05-26,PHX,LV,79,85,0,0,0,-18.655502420924904,0.0,0.5,0.0,1.0
2021,2021-05-27,ATL,DAL,101,95,1,1,0,30.287156175613973,0.0,0.5,0.0,1.0
2021,2021-05-28,CONN,WSH,86,81,1,1,0,78.65832141940632,0.0,0.5,0.0,1.0
2021,2021-05-28,CHI,LA,61,76,0,0,0,29.735869934241464,0.0,0.5,0.0,1.0
2021,2021-05-28,SEA,MIN,82,72,1,1,0,62.36109207774666,0.0,0.5,0.0,1.0
2021,2021-05-28,LV,IND,113,77,1,1,0,64.7021450129921,0.0,0.5,0.0,1.0
2021,2021-05-29,NY,ATL,87,90,0,0,0,16.593128657720627,0.0,0.5,0.0,1.0
2021,2021-05-29,DAL,PHX,85,89,0,0,0,-7.830073864917722,0.0,0.5,0.0,1.0
2021,2021-05-30,CHI,LA,79,82,0,0,0,4.682137661448223,0.0,0.5,0.0,1.0
2021,2021-05-30,LV,IND,101,78,1,1,0,77.8168686360375,0.0,0.5,0.0,1.0
2021,2021-05-30,MIN,CONN,79,74,1,1,0,-86.48547748533633,0.0,0.5,0.0,1.0
2021,2021-06-01,CONN,LV,74,67,1,1,0,10.224577298374015,0.0,0.5,0.0,1.0
2021,2021-06-01,DAL,LA,79,69,1,1,0,-31.04650025408955,0.0,0.5,0.0,1.0
2021,2021-06-01,CHI,PHX,83,84,0,0,0,-18.7631836395974,0.0,0.5,0.0,1.0
2021,2021-06-01,SEA,IND,88,73,1,1,0,100.36978710209428,0.0,0.5,0.0,1.0
2021,2021-06-03,NY,LV,82,94,0,0,0,-4.007579752993706,0.0,0.5,0.0,1.0
2021,2021-06-03,PHX,CHI,77,74,1,1,0,41.125881488890855,0.0,0.5,0.0,1.0
2021,2021-06-03,LA,IND,98,63,1,1,0,44.707986677482495,0.0,0.5,0.0,1.0
2021,2021-06-04,MIN,ATL,86,84,1,1,0,-50.47164593905768,0.0,0.5,0.0,1.0
2021,2021-06-04,SEA,DAL,105,102,1,1,0,79.74370696308847,0.0,0.5,0.0,1.0
2021,2021-06-05,WSH,LV,93,96,0,0,0,-73.68141645544574,0.0,0.5,0.0,1.0
2021,2021-06-05,LA,CHI,68,63,1,1,0,35.25478191157231,0.0,0.5,0.0,1.0
2021,2021-06-05,CONN,NY,85,64,1,1,0,41.84165257485779,0.0,0.5,0.0,1.0
2021,2021-06-06,MIN,ATL,100,80,1,1,0,-31.02000461929879,0.0,0.5,0.0,1.0
2021,2021-06-06,SEA,DAL,67,68,0,0,0,92.10685962797811,0.0,0.5,0.0,1.0
2021,2021-06-08,WSH,MIN,85,81,1,1,0,-43.850329274956266,0.0,0.5,0.0,1.0
2021,2021-06-08,PHX,DAL,81,85,0,0,0,32.05588045540139,0.0,0.5,0.0,1.0
2021,2021-06-09,ATL,SEA,71,95,0,0,0,-31.00570561920472,0.0,0.5,0.0,1.0
2021,2021-06-09,CHI,IND,92,76,1,1,0,16.27678190302254,0.0,0.5,0.0,1.0
2021,2021-06-10,WSH,LA,89,71,1,1,0,-33.30648568110655,0.0,0.5,0.0,1.0
2021,2021-06-11,ATL,SEA,75,86,0,0,0,-52.670887563182305,0.0,0.5,0.0,1.0
2021,2021-06-11,PHX,DAL,59,77,0,0,0,6.877337364763434,0.0,0.5,0.0,1.0
2021,2021-06-12,IND,CHI,79,83,0,0,0,-31.95514780439248,0.0,0.5,0.0,1.0
2021,2021-06-12,MIN,LA,80,64,1,1,0,0.7060314715149616,0.0,0.5,0.0,1.0
2021,2021-06-13,CONN,SEA,66,89,0,0,0,-3.5076424286858128,0.0,0.5,0.0,1.0
2021,2021-06-13,ATL,WSH,101,78,1,1,0,16.722473268305066,0.0,0.5,0.0,1.0
2021,2021-06-13,LV,DAL,85,78,1,1,0,44.73362038777441,0.0,0.5,0.0,1.0
2021,2021-06-13,PHX,NY,83,85,0,0,0,-17.699708282391384,0.0,0.5,0.0,1.0
2021,2021-06-15,IND,SEA,70,87,0,0,0,-162.17998492612264,0.0,0.5,0.0,1.0
2021,2021-06-15,MIN,CHI,89,105,0,0,0,31.003354843842317,0.0,0.5,0.0,1.0
2021,2021-06-15,LV,NY,100,78,1,1,0,39.82160305211346,0.0,0.5,0.0,1.0
2021,2021-06-16,LA,PHX,85,80,1,1,0,5.314943641387572,0.0,0.5,0.0,1.0
2021,2021-06-17,IND,SEA,69,79,0,0,0,-176.46194688706714,0.0,0.5,0.0,1.0
2021,2021-06-17,WSH,ATL,96,93,1,1,0,-32.376387818171,0.0,0.5,0.0,1.0
2021,2021-06-17,CHI,CONN,81,75,1,1,0,-69.32171126850699,0.0,0.5,0.0,1.0
2021,2021-06-17,DAL,MIN,73,85,0,0,0,11.06286560562853,0.0,0.5,0.0,1.0
2021,2021-06-17,LV,NY,103,76,1,1,0,54.22846790926951,0.0,0.5,0.0,1.0
2021,2021-06-18,LA,PHX,66,80,0,0,0,21.598787777289317,0.0,0.5,0.0,1.0
2021,2021-06-19,CHI,CONN,91,81,1,1,0,-48.78523915381629,0.0,0.5,0.0,1.0
2021,2021-06-19,WSH,IND,82,77,1,1,0,76.04171691679812,0.0,0.5,0.0,1.0
2021,2021-06-19,DAL,MIN,95,77,1,1,0,-12.971735923232472,0.0,0.5,0.0,1.0
2021,2021-06-20,LA,NY,73,76,0,0,0,-24.943006567618113,0.0,0.5,0.0,1.0
2021,2021-06-22,CONN,DAL,80,70,1,1,0,35.79457858786327,0.0,0.5,0.0,1.0
2021,2021-06-22,NY,CHI,72,92,0,0,0,13.034351216818777,0.0,0.5,0.0,1.0
2021,2021-06-22,SEA,WSH,83,87,0,0,0,107.68348096795967,0.0,0.5,0.0,1.0
2021,2021-06-23,ATL,MIN,85,87,0,0,0,0.7247315125264322,0.0,0.5,0.0,1.0
2021,2021-06-24,IND,DAL,64,89,0,0,0,-92.58003028928192,0.0,0.5,0.0,1.0
2021,2021-06-24,NY,CHI,68,91,0,0,0,-11.108994110738877,0.0,0.5,0.0,1.0
2021,2021-06-24,LA,WSH,89,82,1,1,0,-30.73636720788886,0.0,0.5,0.0,1.0
2021,2021-06-25,MIN,LV,90,89,1,1,0,-68.8800852577931,0.0,0.5,0.0,1.0
2021,2021-06-26,DAL,WSH,85,74,1,1,0,7.73362403136548,0.0,0.5,0.0,1.0
2021,2021-06-26,ATL,NY,78,101,0,0,0,-11.271684814262244,0.0,0.5,0.0,1.0
2021,2021-06-27,CONN,CHI,74,58,1,1,0,13.271552379143031,0.0,0.5,0.0,1.0
2021,2021-06-27,LV,SEA,95,92,1,1,0,-15.879728472217266,0.0,0.5,0.0,1.0
2021,2021-06-27,PHX,LA,88,79,1,1,0,4.859814932467771,0.0,0.5,0.0,1.0
2021,2021-06-29,ATL,NY,73,69,1,1,0,-34.05846364141462,0.0,0.5,0.0,1.0
2021,2021-06-29,WSH,CONN,71,90,0,0,0,-65.08101916183728,0.0,0.5,0.0,1.0
2021,2021-06-30,DAL,CHI,81,91,0,0,0,-12.082658216498658,0.0,0.5,0.0,1.0
2021,2021-06-30,PHX,MIN,76,82,0,0,0,-23.030025463575612,0.0,0.5,0.0,1.0
2021,2021-06-30,LA,LV,75,99,0,0,0,-101.30490203710042,0.0,0.5,0.0,1.0
2021,2021-07-01,IND,CONN,80,86,0,0,0,-169.83641478015943,0.0,0.5,0.0,1.0
2021,2021-07-02,DAL,CHI,100,91,1,1,0,-34.82364522553826,0.0,0.5,0.0,1.0
2021,2021-07-02,LA,LV,58,66,0,0,0,-118.93833964826217,0.0,0.5,0.0,1.0
2021,2021-07-02,SEA,ATL,91,88,1,1,0,90.6417437220025,0.0,0.5,0.0,1.0
2021,2021-07-03,IND,CONN,73,67,1,1,0,-183.71626179517398,0.0,0.5,0.0,1.0
2021,2021-07-03,NY,WSH,82,79,1,1,0,21.975146312464176,0.0,0.5,0.0,1.0
2021,2021-07-03,PHX,MIN,68,99,0,0,0,-45.150192304804705,0.0,0.5,0.0,1.0
2021,2021-07-04,LV,ATL,118,95,1,1,0,115.28913397356223,0.0,0.5,0.0,1.0
2021,2021-07-04,LA,SEA,74,84,0,0,0,-122.76415393320644,0.0,0.5,0.0,1.0
2021,2021-07-05,NY,DAL,99,96,1,1,0,-1.9845846154253195,0.0,0.5,0.0,1.0
2021,2021-07-07,MIN,DAL,85,79,1,1,0,39.74567315226909,0.0,0.5,0.0,1.0
2021,2021-07-07,LV,PHX,90,99,0,0,0,124.10293570465774,0.0,0.5,0.0,1.0
2021,2021-07-07,SEA,LA,71,62,1,1,0,139.18995500982624,0.0,0.5,0.0,1.0
2021,2021-07-09,CONN,ATL,84,72,1,1,0,83.14497019130249,0.0,0.5,0.0,1.0
2021,2021-07-09,IND,NY,82,69,1,1,0,-116.57425632335594,0.0,0.5,0.0,1.0
2021,2021-07-09,PHX,SEA,85,77,1,1,0,-104.12803391151692,0.0,0.5,0.0,1.0
2021,2021-07-09,LV,MIN,67,77,0,0,0,36.04001636674411,0.0,0.5,0.0,1.0
2021,2021-07-10,CHI,WSH,85,89,0,0,0,55.59690199785223,0.0,0.5,0.0,1.0
2021,2021-07-11,DAL,LV,79,95,0,0,0,-77.50064887477583,0.0,0.5,0.0,1.0
2021,2021-07-11,NY,CONN,54,71,0,0,0,-58.019168870259364,0.0,0.5,0.0,1.0
2021,2021-07-11,ATL,IND,68,79,0,0,0,56.0237247978946,0.0,0.5,0.0,1.0
2021,2021-07-11,SEA,PHX,82,75,1,1,0,81.6013918529502,0.0,0.5,0.0,1.0
2021,2021-07-11,LA,MIN,61,86,0,0,0,-115.75903218006442,0.0,0.5,0.0,1.0
2021,2021-07-14,WNBASTARS,USA,93,85,1,1,1,0.0,0.0,0.5,0.0,0.0
2021,2021-08-12,SEA,CONN,79,57,1,1,1,16.42630320795911,0.0,0.5,0.0,0.0
2021,2021-08-15,CHI,SEA,87,85,1,1,0,-85.71609558488512,0.0,0.5,0.0,1.0
2021,2021-08-15,DAL,CONN,59,80,0,0,0,-78.34315928598448,0.0,0.5,0.0,1.0
2021,2021-08-15,LV,WSH,84,83,1,1,0,97.56332932299438,0.0,0.5,0.0,1.0
2021,2021-08-15,PHX,ATL,92,81,1,1,0,41.172028808929326,0.0,0.5,0.0,1.0
2021,2021-08-15,MIN,NY,88,78,1,1,0,75.02045174932618,0.0,0.5,0.0,1.0
2021,2021-08-15,LA,IND,75,70,1,1,0,12.512347056799854,0.0,0.5,0.0,1.0
2021,2021-08-17,CONN,MIN,72,60,1,1,0,-3.2405916391539904,0.0,0.5,0.0,1.0
2021,2021-08-17,CHI,DAL,76,80,0,0,0,48.319848244544346,0.0,0.5,0.0,1.0
2021,2021-08-17,LV,WSH,93,83,1,1,0,109.067833286741,0.0,0.5,0.0,1.0
2021,2021-08-17,PHX,IND,84,80,1,1,0,85.86492028809585,0.0,0.5,0.0,1.0
2021,2021-08-17,LA,ATL,85,80,1,1,0,-1.9598355968271335,0.0,0.5,0.0,1.0
2021,2021-08-18,NY,SEA,83,79,1,1,0,-99.6465413989024,0.0,0.5,0.0,1.0
2021,2021-08-19,CONN,MIN,82,71,1,1,0,13.520834131644278,0.0,0.5,0.0,1.0
2021,2021-08-19,PHX,WSH,77,64,1,1,0,35.92961898090857,0.0,0.5,0.0,1.0
2021,2021-08-19,LA,ATL,66,64,1,1,0,14.729840252686927,0.0,0.5,0.0,1.0
2021,2021-08-20,NY,SEA,83,99,0,0,0,-77.37415777071487,0.0,0.5,0.0,1.0
2021,2021-08-20,DAL,IND,81,83,0,0,0,77.85366855055145,0.0,0.5,0.0,1.0
2021,2021-08-21,ATL,PHX,69,84,0,0,0,-85.07293659327661,0.0,0.5,0.0,1.0
2021,2021-08-21,CHI,MIN,95,101,0,0,0,-48.933783567320006,0.0,0.5,0.0,1.0
2021,2021-08-22,NY,LA,83,86,0,0,0,28.724433966708602,0.0,0.5,0.0,1.0
2021,2021-08-22,WSH,SEA,78,85,0,0,0,-121.0631727256357,0.0,0.5,0.0,1.0
2021,2021-08-24,MIN,SEA,76,70,1,1,0,-24.63122171715031,0.0,0.5,0.0,1.0
2021,2021-08-24,ATL,CHI,79,86,0,0,0,-78.93058301746919,0.0,0.5,0.0,1.0
2021,2021-08-24,CONN,LV,76,62,1,1,0,-3.619732587358385,0.0,0.5,0.0,1.0
2021,2021-08-24,WSH,LA,78,68,1,1,0,-16.72381477713725,0.0,0.5,0.0,1.0
2021,2021-08-25,NY,PHX,79,106,0,0,0,-47.63451048959769,0.0,0.5,0.0,1.0
2021,2021-08-26,ATL,LV,71,78,0,0,0,-172.2175285014398,0.0,0.5,0.0,1.0
2021,2021-08-26,CONN,LA,76,72,1,1,0,132.413253803408,0.0,0.5,0.0,1.0
2021,2021-08-26,WSH,DAL,77,82,0,0,0,-8.888837339120528,0.0,0.5,0.0,1.0
2021,2021-08-27,NY,PHX,64,80,0,0,0,-68.34602488504561,0.0,0.5,0.0,1.0
2021,2021-08-27,SEA,CHI,69,73,0,0,0,75.76063324107781,0.0,0.5,0.0,1.0
2021,2021-08-28,IND,LV,71,87,0,0,0,-166.75154278176024,0.0,0.5,0.0,1.0
2021,2021-08-28,CONN,LA,76,61,1,1,0,142.34585027172875,0.0,0.5,0.0,1.0
2021,2021-08-28,WSH,DAL,76,75,1,1,0,-31.80999021489788,0.0,0.5,0.0,1.0
2021,2021-08-29,SEA,CHI,75,107,0,0,0,48.320492074573394,0.0,0.5,0.0,1.0
2021,2021-08-31,IND,LA,74,72,1,1,0,-37.92168134708891,0.0,0.5,0.0,1.0
2021,2021-08-31,WSH,CONN,75,85,0,0,0,-143.6078517320641,0.0,0.5,0.0,1.0
2021,2021-08-31,MIN,NY,74,66,1,1,0,121.60465393729419,0.0,0.5,0.0,1.0
2021,2021-08-31,PHX,CHI,103,83,1,1,0,8.62090416255728,0.0,0.5,0.0,1.0
2021,2021-09-02,DAL,ATL,72,68,1,1,0,71.80198595978572,0.0,0.5,0.0,1.0
2021,2021-09-02,MIN,LA,66,57,1,1,0,138.26493949276096,0.0,0.5,0.0,1.0
2021,2021-09-02,LV,CHI,90,83,1,1,0,69.58382494906687,0.0,0.5,0.0,1.0
2021,2021-09-02,SEA,NY,85,75,1,1,0,106.72650021132267,0.0,0.5,0.0,1.0
2021,2021-09-04,IND,PHX,65,87,0,0,0,-126.56490299299207,0.0,0.5,0.0,1.0
2021,2021-09-04,MIN,WSH,93,75,1,1,0,133.13026806034304,0.0,0.5,0.0,1.0
2021,2021-09-05,CHI,LV,92,84,1,1,0,-82.45204992068079,0.0,0.5,0.0,1.0
2021,2021-09-05,DAL,ATL,64,69,0,0,0,84.5590141675807,0.0,0.5,0.0,1.0
2021,2021-09-06,IND,PHX,81,86,0,0,0,-142.77932455073756,0.0,0.5,0.0,1.0
2021,2021-09-07,DAL,CONN,56,83,0,0,0,-145.37530498431056,0.0,0.5,0.0,1.0
2021,2021-09-07,SEA,WSH,105,71,1,1,0,113.49557508545604,0.0,0.5,0.0,1.0
2021,2021-09-08,ATL,PHX,75,76,0,0,0,-156.34258442765213,0.0,0.5,0.0,1.0
2021,2021-09-08,LV,MIN,102,81,1,1,0,-0.03219231301795844,0.0,0.5,0.0,1.0
2021,2021-09-09,LA,CONN,57,75,0,0,0,-181.29469862540668,0.0,0.5,0.0,1.0
2021,2021-09-10,WSH,ATL,82,74,1,1,0,40.137386179693976,0.0,0.5,0.0,1.0
2021,2021-09-10,MIN,IND,89,72,1,1,0,174.72615445268048,0.0,0.5,0.0,1.0
2021,2021-09-11,DAL,NY,77,76,1,1,0,15.178418873013925,0.0,0.5,0.0,1.0
2021,2021-09-11,PHX,CONN,67,76,0,0,0,-52.658479016472256,0.0,0.5,0.0,1.0
2021,2021-09-12,CHI,WSH,71,79,0,0,0,80.02728925398105,0.0,0.5,0.0,1.0
2021,2021-09-12,MIN,IND,90,80,1,1,0,182.95317460569004,0.0,0.5,0.0,1.0
2021,2021-09-12,LA,SEA,81,53,1,1,0,-135.3905386631152,0.0,0.5,0.0,1.0
2021,2021-09-13,LV,DAL,85,75,1,1,0,132.55107012504936,0.0,0.5,0.0,1.0
2021,2021-09-14,ATL,IND,85,78,1,1,0,-4.656869005420731,0.0,0.5,0.0,1.0
2021,2021-09-15,CONN,NY,98,69,1,1,0,200.4604315740189,0.0,0.5,0.0,1.0
2021,2021-09-16,ATL,LA,68,74,0,0,0,-39.92125179997265,0.0,0.5,0.0,1.0
2021,2021-09-17,IND,MIN,73,92,0,0,0,-199.2954548937255,0.0,0.5,0.0,1.0
2021,2021-09-17,NY,WSH,91,80,1,1,0,-31.46445406532689,0.0,0.5,0.0,1.0
2021,2021-09-17,CHI,LV,70,103,0,0,0,-88.24105885646327,0.0,0.5,0.0,1.0
2021,2021-09-17,SEA,PHX,94,85,1,1,0,-8.45909814249194,0.0,0.5,0.0,1.0
2021,2021-09-19,CONN,ATL,84,64,1,1,0,246.80672099942626,0.0,0.5,0.0,1.0
2021,2021-09-19,PHX,LV,83,84,0,0,0,-58.76836750899679,0.0,0.5,0.0,1.0
2021,2021-09-19,WSH,MIN,77,83,0,0,0,-142.55212268574314,0.0,0.5,0.0,1.0
2021,2021-09-19,DAL,LA,87,84,1,1,0,7.57375308821338,0.0,0.5,0.0,1.0
2021,2021-09-19,CHI,IND,98,87,1,1,0,121.49661936846383,0.0,0.5,0.0,1.0
2021,2021-09-23,CHI,DAL,81,64,1,1,0,42.17309433164837,0.0,0.5,0.0,1.0
2021,2021-09-23,PHX,NY,83,82,1,1,0,103.28661811129064,0.0,0.5,0.0,1.0
2021,2021-09-26,SEA,PHX,80,85,0,0,0,13.012797012906503,0.0,0.5,0.0,1.0
2021,2021-09-26,MIN,CHI,76,89,0,0,0,85.50598205685833,0.0,0.5,0.0,1.0
2021,2021-09-28,CONN,CHI,95,101,0,0,0,109.72500596107034,0.0,0.5,0.0,1.0
2021,2021-09-28,LV,PHX,96,90,1,1,0,61.149991386946795,0.0,0.5,0.0,1.0
2021,2021-09-30,CONN,CHI,79,68,1,1,0,80.66437959398786,0.0,0.5,0.0,1.0
2021,2021-09-30,LV,PHX,91,117,0,0,0,74.44558945149379,0.0,0.5,0.0,1.0
2021,2021-10-03,CHI,CONN,86,83,1,1,0,-92.9823072732504,0.0,0.5,0.0,1.0
2021,2021-10-03,PHX,LV,87,60,1,1,0,-47.07076387904067,0.0,0.5,0.0,1.0
2021,2021-10-06,CHI,CONN,79,69,1,1,0,-71.08937589829816,0.0,0.5,0.0,1.0
2021,2021-10-06,PHX,LV,76,93,0,0,0,-27.81468716667655,0.0,0.5,0.0,1.0
2021,2021-10-08,LV,PHX,84,87,0,0,0,49.66214103977268,0.0,0.5,0.0,1.0
2021,2021-10-10,PHX,CHI,77,91,0,0,0,18.362038757062464,0.0,0.5,0.0,1.0
2021,2021-10-13,PHX,CHI,91,86,1,1,0,-6.073878105262565,0.0,0.5,0.0,1.0
2021,2021-10-15,CHI,PHX,86,50,1,1,0,-10.846574662384455,0.0,0.5,0.0,1.0
2021,2021-10-17,CHI,PHX,80,74,1,1,0,6.342654424158127,0.0,0.5,0.0,1.0
2022,2022-05-01,CONN,ATL,94,78,1,1,0,223.01084950376048,0.0,0.5,0.0,1.0
2022,2022-05-01,MIN,LV,89,86,1,1,0,-13.962401640585313,0.0,0.5,0.0,1.0
2022,2022-05-02,DAL,IND,101,89,1,1,0,82.59152302339294,0.0,0.5,0.0,1.0
2022,2022-05-06,WSH,IND,84,70,1,1,0,72.77721271711243,0.0,0.5,0.0,1.0
2022,2022-05-06,CHI,LA,91,98,0,0,0,137.1082690069063,0.0,0.5,0.0,1.0
2022,2022-05-06,PHX,LV,88,106,0,0,0,-35.33417528047539,0.0,0.5,0.0,1.0
2022,2022-05-06,SEA,MIN,97,74,1,1,0,-48.20012840468485,0.0,0.5,0.0,1.0
2022,2022-05-07,NY,CONN,81,79,1,1,0,-180.76170076837775,0.0,0.5,0.0,1.0
2022,2022-05-07,DAL,ATL,59,66,0,0,0,81.89885937366876,0.0,0.5,0.0,1.0
2022,2022-05-08,IND,LA,77,87,0,0,0,-93.6003128248085,0.0,0.5,0.0,1.0
2022,2022-05-08,MIN,WSH,66,78,0,0,0,136.59628302629585,0.0,0.5,0.0,1.0
2022,2022-05-08,LV,SEA,85,74,1,1,0,45.845511226930284,0.0,0.5,0.0,1.0
2022,2022-05-10,WSH,LV,89,76,1,1,0,-145.48402220226535,0.0,0.5,0.0,1.0
2022,2022-05-10,IND,MIN,82,76,1,1,0,-215.9946599226712,0.0,0.5,0.0,1.0
2022,2022-05-11,ATL,LA,77,75,1,1,0,-69.49456207221624,0.0,0.5,0.0,1.0
2022,2022-05-11,CHI,NY,83,50,1,1,0,119.021045113529,0.0,0.5,0.0,1.0
2022,2022-05-11,PHX,SEA,97,77,1,1,0,-3.861765083123828,0.0,0.5,0.0,1.0
2022,2022-05-13,WSH,DAL,86,94,0,0,0,25.722562393384578,0.0,0.5,0.0,1.0
2022,2022-05-13,ATL,LV,73,96,0,0,0,-190.26576405313153,0.0,0.5,0.0,1.0
2022,2022-05-13,NY,IND,86,92,0,0,0,70.98532248694482,0.0,0.5,0.0,1.0
2022,2022-05-14,SEA,PHX,64,69,0,0,0,-12.934490754802937,0.0,0.5,0.0,1.0
2022,2022-05-14,CONN,LA,77,60,1,1,0,143.133854397018,0.0,0.5,0.0,1.0
2022,2022-05-14,MIN,CHI,78,82,0,0,0,-12.952325599772621,0.0,0.5,0.0,1.0
2022,2022-05-15,NY,DAL,71,81,0,0,0,-37.15732772387537,0.0,0.5,0.0,1.0
2022,2022-05-15,IND,ATL,79,85,0,0,0,-18.22206409455407,0.0,0.5,0.0,1.0
2022,2022-05-17,NY,CONN,65,92,0,0,0,-188.33385994148784,0.0,0.5,0.0,1.0
2022,2022-05-17,IND,ATL,79,101,0,0,0,-40.615470898114154,0.0,0.5,0.0,1.0
2022,2022-05-17,DAL,WSH,68,84,0,0,0,9.770792198312165,0.0,0.5,0.0,1.0
2022,2022-05-17,LV,PHX,86,74,1,1,0,38.05655483864052,0.0,0.5,0.0,1.0
2022,2022-05-17,LA,MIN,84,87,0,0,0,-93.77865182206119,0.0,0.5,0.0,1.0
2022,2022-05-18,SEA,CHI,74,71,1,1,0,-50.63260530121124,0.0,0.5,0.0,1.0
2022,2022-05-19,LV,MIN,93,87,1,1,0,56.91497460681899,0.0,0.5,0.0,1.0
2022,2022-05-19,PHX,DAL,84,94,0,0,0,96.39945149043797,0.0,0.5,0.0,1.0
2022,2022-05-20,CONN,IND,94,85,1,1,0,249.6801831629259,0.0,0.5,0.0,1.0
2022,2022-05-20,ATL,WSH,73,78,0,0,0,-53.83176338318117,0.0,0.5,0.0,1.0
2022,2022-05-20,SEA,LA,83,80,1,1,0,97.55149457017433,0.0,0.5,0.0,1.0
2022,2022-05-21,LV,PHX,100,80,1,1,0,73.53389812335558,0.0,0.5,0.0,1.0
2022,2022-05-21,DAL,MIN,94,78,1,1,0,-71.06499919804992,0.0,0.5,0.0,1.0
2022,2022-05-22,IND,CONN,70,92,0,0,0,-255.4391707129189,0.0,0.5,0.0,1.0
2022,2022-05-22,WSH,CHI,73,82,0,0,0,-84.554664547617,0.0,0.5,0.0,1.0
2022,2022-05-23,LV,LA,104,76,1,1,0,187.59952092054118,0.0,0.5,0.0,1.0
2022,2022-05-24,CONN,DAL,77,85,0,0,0,131.55307665908958,0.0,0.5,0.0,1.0
2022,2022-05-24,WSH,ATL,70,50,1,1,0,64.89236404924873,0.0,0.5,0.0,1.0
2022,2022-05-24,CHI,IND,95,90,1,1,0,227.36960966570473,0.0,0.5,0.0,1.0
2022,2022-05-24,MIN,NY,84,78,1,1,0,127.92120731510454,0.0,0.5,0.0,1.0
2022,2022-05-25,LA,PHX,99,94,1,1,0,-105.27170843825729,0.0,0.5,0.0,1.0
2022,2022-05-26,CONN,DAL,99,68,1,1,0,101.52268857509216,0.0,0.5,0.0,1.0
2022,2022-05-27,IND,LA,101,96,1,1,0,-94.22924974987586,0.0,0.5,0.0,1.0
2022,2022-05-27,SEA,NY,79,71,1,1,0,141.52319213590818,0.0,0.5,0.0,1.0
2022,2022-05-28,CHI,LV,76,83,0,0,0,-44.495249992585286,0.0,0.5,0.0,1.0
2022,2022-05-28,CONN,WSH,79,71,1,1,0,125.10778903763662,0.0,0.5,0.0,1.0
2022,2022-05-29,ATL,PHX,81,54,1,1,0,-120.91762810403861,0.0,0.5,0.0,1.0
2022,2022-05-29,SEA,NY,92,61,1,1,0,151.06944203997318,0.0,0.5,0.0,1.0
2022,2022-05-29,MIN,LA,83,85,0,0,0,109.14445651340657,0.0,0.5,0.0,1.0
2022,2022-05-31,IND,WSH,75,87,0,0,0,-117.8824021102896,0.0,0.5,0.0,1.0
2022,2022-05-31,CHI,PHX,73,70,1,1,0,58.17119509984764,0.0,0.5,0.0,1.0
2022,2022-05-31,LV,CONN,89,81,1,1,0,24.510234702966727,0.0,0.5,0.0,1.0
2022,2022-05-31,LA,DAL,93,91,1,1,0,-48.49160056388541,0.0,0.5,0.0,1.0
2022,2022-06-01,ATL,MIN,84,76,1,1,0,-110.14712957931556,0.0,0.5,0.0,1.0
2022,2022-06-01,NY,IND,87,74,1,1,0,42.36136793758715,0.0,0.5,0.0,1.0
2022,2022-06-02,LV,CONN,90,97,0,0,0,39.73916012932682,0.0,0.5,0.0,1.0
2022,2022-06-03,WSH,NY,70,74,0,0,0,85.08335561229546,0.0,0.5,0.0,1.0
2022,2022-06-03,ATL,CHI,65,73,0,0,0,-150.9083293483243,0.0,0.5,0.0,1.0
2022,2022-06-03,PHX,CONN,88,92,0,0,0,-110.95217963894197,0.0,0.5,0.0,1.0
2022,2022-06-03,SEA,DAL,51,68,0,0,0,68.6292162131108,0.0,0.5,0.0,1.0
2022,2022-06-05,NY,MIN,77,84,0,0,0,-100.36200132198474,0.0,0.5,0.0,1.0
2022,2022-06-05,ATL,IND,75,66,1,1,0,76.22279322770578,0.0,0.5,0.0,1.0
2022,2022-06-05,CHI,WSH,91,82,1,1,0,114.24608923725009,0.0,0.5,0.0,1.0
2022,2022-06-05,LV,DAL,84,78,1,1,0,133.42356786510095,0.0,0.5,0.0,1.0
2022,2022-06-05,PHX,LA,81,74,1,1,0,42.47280318927301,0.0,0.5,0.0,1.0
2022,2022-06-05,SEA,CONN,86,93,0,0,0,-86.27161770751422,0.0,0.5,0.0,1.0
2022,2022-06-07,NY,MIN,88,69,1,1,0,-118.04897374957909,0.0,0.5,0.0,1.0
2022,2022-06-07,SEA,ATL,72,60,1,1,0,104.44117654007027,0.0,0.5,0.0,1.0
2022,2022-06-08,CONN,IND,88,69,1,1,0,297.96309519692363,0.0,0.5,0.0,1.0
2022,2022-06-08,WSH,CHI,84,82,1,1,0,-124.97984609320065,0.0,0.5,0.0,1.0
2022,2022-06-10,CONN,CHI,79,83,0,0,0,58.421956867362724,0.0,0.5,0.0,1.0
2022,2022-06-10,IND,NY,83,97,0,0,0,-81.92277798349824,0.0,0.5,0.0,1.0
2022,2022-06-10,DAL,SEA,88,89,0,0,0,-42.836175482270164,0.0,0.5,0.0,1.0
2022,2022-06-10,MIN,WSH,59,76,0,0,0,33.88269091051143,0.0,0.5,0.0,1.0
2022,2022-06-10,PHX,ATL,90,88,1,1,0,84.64271808860121,0.0,0.5,0.0,1.0
2022,2022-06-11,LA,LV,72,89,0,0,0,-188.1971476266276,0.0,0.5,0.0,1.0
2022,2022-06-12,NY,CHI,86,88,0,0,0,-166.0502577427003,0.0,0.5,0.0,1.0
2022,2022-06-12,DAL,SEA,79,84,0,0,0,-63.823401664901894,0.0,0.5,0.0,1.0
2022,2022-06-12,WSH,PHX,90,99,0,0,0,-20.71606716403494,0.0,0.5,0.0,1.0
2022,2022-06-12,MIN,IND,80,84,0,0,0,173.3925230771199,0.0,0.5,0.0,1.0
2022,2022-06-14,WSH,PHX,83,65,1,1,0,-42.967844391096605,0.0,0.5,0.0,1.0
2022,2022-06-14,MIN,SEA,79,81,0,0,0,-73.27425776908808,0.0,0.5,0.0,1.0
2022,2022-06-15,DAL,LV,84,92,0,0,0,-170.1653757381805,0.0,0.5,0.0,1.0
2022,2022-06-15,CONN,ATL,105,92,1,1,0,209.833910113912,0.0,0.5,0.0,1.0
2022,2022-06-15,IND,PHX,80,93,0,0,0,-171.25678974114817,0.0,0.5,0.0,1.0
2022,2022-06-16,NY,WSH,77,65,1,1,0,-69.5471756052309,0.0,0.5,0.0,1.0
2022,2022-06-17,CONN,SEA,82,71,1,1,0,61.63872420019425,0.0,0.5,0.0,1.0
2022,2022-06-17,DAL,PHX,93,88,1,1,0,-53.750285500790596,0.0,0.5,0.0,1.0
2022,2022-06-17,CHI,ATL,106,100,1,1,0,188.50785394079526,0.0,0.5,0.0,1.0
2022,2022-06-19,NY,SEA,72,81,0,0,0,-129.89006075406928,0.0,0.5,0.0,1.0
2022,2022-06-19,WSH,CONN,71,63,1,1,0,-155.80168825429973,0.0,0.5,0.0,1.0
2022,2022-06-19,IND,CHI,89,87,1,1,0,-268.65365309450044,0.0,0.5,0.0,1.0
2022,2022-06-19,DAL,LA,92,82,1,1,0,33.85856314926218,0.0,0.5,0.0,1.0
2022,2022-06-19,LV,MIN,96,95,1,1,0,176.3857819464156,0.0,0.5,0.0,1.0
2022,2022-06-21,ATL,DAL,80,75,1,1,0,-76.06973168016066,0.0,0.5,0.0,1.0
2022,2022-06-21,LV,CHI,95,104,0,0,0,66.14356350423259,0.0,0.5,0.0,1.0
2022,2022-06-21,PHX,MIN,71,84,0,0,0,40.370246719139914,0.0,0.5,0.0,1.0
2022,2022-06-21,LA,WSH,84,82,1,1,0,-56.71552344461975,0.0,0.5,0.0,1.0
2022,2022-06-22,CONN,NY,77,81,0,0,0,200.12495351361258,0.0,0.5,0.0,1.0
2022,2022-06-23,DAL,IND,94,68,1,1,0,122.65823493669359,0.0,0.5,0.0,1.0
2022,2022-06-23,MIN,PHX,100,88,1,1,0,-14.748011981577292,0.0,0.5,0.0,1.0
2022,2022-06-23,SEA,WSH,85,71,1,1,0,86.12332542319587,0.0,0.5,0.0,1.0
2022,2022-06-23,LA,CHI,59,82,0,0,0,-156.94138304053217,0.0,0.5,0.0,1.0
2022,2022-06-24,ATL,NY,77,89,0,0,0,-20.3810393922804,0.0,0.5,0.0,1.0
2022,2022-06-25,DAL,PHX,72,83,0,0,0,-10.514964569593076,0.0,0.5,0.0,1.0
2022,2022-06-25,SEA,LA,77,85,0,0,0,136.3337752324653,0.0,0.5,0.0,1.0
2022,2022-06-25,LV,WSH,86,87,0,0,0,165.24788474427032,0.0,0.5,0.0,1.0
2022,2022-06-26,ATL,CONN,61,72,0,0,0,-198.95394850064258,0.0,0.5,0.0,1.0
2022,2022-06-26,CHI,MIN,88,85,1,1,0,117.65018687629049,0.0,0.5,0.0,1.0
2022,2022-06-27,PHX,IND,83,71,1,1,0,154.9456924178171,0.0,0.5,0.0,1.0
2022,2022-06-27,LA,LV,73,79,0,0,0,-172.5838373479421,0.0,0.5,0.0,1.0
2022,2022-06-28,WSH,ATL,92,74,1,1,0,90.85018452395093,0.0,0.5,0.0,1.0
2022,2022-06-28,MIN,DAL,92,64,1,1,0,19.30112704093267,0.0,0.5,0.0,1.0
2022,2022-06-29,CHI,CONN,91,83,1,1,0,2.4218075003948343,0.0,0.5,0.0,1.0
2022,2022-06-29,PHX,IND,99,78,1,1,0,163.94175744917766,0.0,0.5,0.0,1.0
2022,2022-06-29,SEA,LV,88,78,1,1,0,-73.35343191920037,0.0,0.5,0.0,1.0
2022,2022-06-30,NY,ATL,81,92,0,0,0,54.76476469173667,0.0,0.5,0.0,1.0
2022,2022-07-01,DAL,LA,89,97,0,0,0,13.254431165714095,0.0,0.5,0.0,1.0
2022,2022-07-01,MIN,LV,85,91,0,0,0,-127.86826185783639,0.0,0.5,0.0,1.0
2022,2022-07-01,SEA,IND,73,57,1,1,0,232.75996331811598,0.0,0.5,0.0,1.0
2022,2022-07-02,CHI,PHX,91,75,1,1,0,113.59178076534272,0.0,0.5,0.0,1.0
2022,2022-07-03,CONN,WSH,74,72,1,1,0,106.3714439759558,0.0,0.5,0.0,1.0
2022,2022-07-03,ATL,SEA,90,76,1,1,0,-164.4383382306189,0.0,0.5,0.0,1.0
2022,2022-07-03,LA,NY,84,74,1,1,0,21.648055644682017,0.0,0.5,0.0,1.0
2022,2022-07-03,MIN,LV,102,71,1,1,0,-144.0103956843668,0.0,0.5,0.0,1.0
2022,2022-07-04,LA,PHX,78,75,1,1,0,-38.02160624227736,0.0,0.5,0.0,1.0
2022,2022-07-05,IND,SEA,73,95,0,0,0,-226.0973673198198,0.0,0.5,0.0,1.0
2022,2022-07-05,DAL,CONN,82,71,1,1,0,-162.26845678687232,0.0,0.5,0.0,1.0
2022,2022-07-06,MIN,CHI,81,78,1,1,0,-129.7776187670736,0.0,0.5,0.0,1.0
2022,2022-07-06,ATL,WSH,66,85,0,0,0,-71.02057420235292,0.0,0.5,0.0,1.0
2022,2022-07-06,LV,NY,107,116,0,0,0,188.89826447272617,0.0,0.5,0.0,1.0
2022,2022-07-07,IND,CHI,84,93,0,0,0,-288.254615806454,0.0,0.5,0.0,1.0
2022,2022-07-07,PHX,NY,84,81,1,1,0,49.53935833625496,0.0,0.5,0.0,1.0
2022,2022-07-07,LA,SEA,69,106,0,0,0,-89.97558177028327,0.0,0.5,0.0,1.0
2022,2022-07-10,WIL,STE,134,112,1,1,1,0.0,0.0,0.5,0.0,0.0
2022,2022-07-12,SEA,DAL,83,74,1,1,0,114.21518949278448,0.0,0.5,0.0,1.0
2022,2022-07-12,NY,LV,101,107,0,0,0,-163.55261517707618,0.0,0.5,0.0,1.0
2022,2022-07-12,CHI,ATL,90,75,1,1,0,209.12481317712718,0.0,0.5,0.0,1.0
2022,2022-07-12,MIN,PHX,118,107,1,1,0,8.97989057934933,0.0,0.5,0.0,1.0
2022,2022-07-12,LA,WSH,81,94,0,0,0,-35.6642233448697,0.0,0.5,0.0,1.0
2022,2022-07-13,IND,CONN,81,89,0,0,0,-272.9099781195441,0.0,0.5,0.0,1.0
2022,2022-07-14,NY,LV,74,108,0,0,0,-177.76210310138435,0.0,0.5,0.0,1.0
2022,2022-07-14,MIN,DAL,87,92,0,0,0,63.72076294661406,0.0,0.5,0.0,1.0
2022,2022-07-14,PHX,WSH,80,75,1,1,0,-19.031659288240235,0.0,0.5,0.0,1.0
2022,2022-07-14,LA,CHI,68,80,0,0,0,-168.60595835112076,0.0,0.5,0.0,1.0
2022,2022-07-15,IND,MIN,77,87,0,0,0,-185.83872616412918,0.0,0.5,0.0,1.0
2022,2022-07-15,ATL,CONN,68,93,0,0,0,-193.35007518521343,0.0,0.5,0.0,1.0
2022,2022-07-16,DAL,CHI,81,89,0,0,0,-162.78945273814702,0.0,0.5,0.0,1.0
2022,2022-07-17,CONN,LV,83,91,0,0,0,-7.865673773935441,0.0,0.5,0.0,1.0
2022,2022-07-17,WSH,MIN,70,57,1,1,0,-7.965907821808969,0.0,0.5,0.0,1.0
2022,2022-07-17,PHX,ATL,75,85,0,0,0,100.72418002563586,0.0,0.5,0.0,1.0
2022,2022-07-17,SEA,IND,81,65,1,1,0,267.01457984489,0.0,0.5,0.0,1.0
2022,2022-07-19,CONN,NY,82,63,1,1,0,171.87631218200136,0.0,0.5,0.0,1.0
2022,2022-07-19,LV,ATL,76,92,0,0,0,211.06283927777008,0.0,0.5,0.0,1.0
2022,2022-07-19,LA,IND,86,79,1,1,0,138.3634922877079,0.0,0.5,0.0,1.0
2022,2022-07-20,CHI,SEA,78,74,1,1,0,55.73954512048772,0.0,0.5,0.0,1.0
2022,2022-07-21,WSH,NY,78,69,1,1,0,92.12000065036523,0.0,0.5,0.0,1.0
2022,2022-07-21,LA,ATL,85,78,1,1,0,20.88410094703113,0.0,0.5,0.0,1.0
2022,2022-07-21,LV,IND,90,77,1,1,0,305.16508510170297,0.0,0.5,0.0,1.0
2022,2022-07-22,MIN,CONN,84,94,0,0,0,-97.15201976142339,0.0,0.5,0.0,1.0
2022,2022-07-22,CHI,DAL,89,83,1,1,0,183.82595387137349,0.0,0.5,0.0,1.0
2022,2022-07-22,PHX,SEA,94,78,1,1,0,-87.64120405964559,0.0,0.5,0.0,1.0
2022,2022-07-23,NY,CHI,83,80,1,1,0,-234.6861473254694,0.0,0.5,0.0,1.0
2022,2022-07-23,LV,LA,84,66,1,1,0,151.58732301887107,0.0,0.5,0.0,1.0
2022,2022-07-24,IND,DAL,86,96,0,0,0,-154.07171600029687,0.0,0.5,0.0,1.0
2022,2022-07-24,SEA,ATL,82,72,1,1,0,140.1124647967572,0.0,0.5,0.0,1.0
2022,2022-07-24,MIN,CONN,79,86,0,0,0,-115.021491895797,0.0,0.5,0.0,1.0
2022,2022-07-26,CHI,LV,83,93,0,0,0,17.057834027142917,0.0,0.5,0.0,1.0
2022,2022-07-28,ATL,MIN,85,92,0,0,0,-65.85727353682955,0.0,0.5,0.0,1.0
2022,2022-07-28,CONN,SEA,88,83,1,1,0,48.01982697671201,0.0,0.5,0.0,1.0
2022,2022-07-28,DAL,WSH,77,87,0,0,0,-53.55611309700953,0.0,0.5,0.0,1.0
2022,2022-07-28,PHX,LA,90,80,1,1,0,42.314490324481994,0.0,0.5,0.0,1.0
2022,2022-07-29,IND,LV,72,93,0,0,0,-333.6256671599633,0.0,0.5,0.0,1.0
2022,2022-07-29,CHI,NY,89,81,1,1,0,193.21778430086874,0.0,0.5,0.0,1.0
2022,2022-07-30,WSH,SEA,77,82,0,0,0,-34.38108398062968,0.0,0.5,0.0,1.0
2022,2022-07-30,ATL,DAL,68,81,0,0,0,-44.25380872178107,0.0,0.5,0.0,1.0
2022,2022-07-31,CONN,CHI,92,95,0,0,0,-1.1932757421282076,0.0,0.5,0.0,1.0
2022,2022-07-31,NY,PHX,89,69,1,1,0,-80.85177359280146,0.0,0.5,0.0,1.0
2022,2022-07-31,IND,LV,69,94,0,0,0,-340.4851989344072,0.0,0.5,0.0,1.0
2022,2022-07-31,WSH,SEA,78,75,1,1,0,-55.853160323941665,0.0,0.5,0.0,1.0
2022,2022-07-31,LA,MIN,77,84,0,0,0,-46.27885415821447,0.0,0.5,0.0,1.0
2022,2022-08-02,CONN,PHX,87,63,1,1,0,117.64871416030155,0.0,0.5,0.0,1.0
2022,2022-08-02,NY,LA,102,73,1,1,0,-3.2682665077306865,0.0,0.5,0.0,1.0
2022,2022-08-02,WSH,LV,83,73,1,1,0,-108.70319561308202,0.0,0.5,0.0,1.0
2022,2022-08-02,CHI,DAL,78,84,0,0,0,172.7196856976359,0.0,0.5,0.0,1.0
2022,2022-08-03,ATL,IND,91,81,1,1,0,110.6416938182224,0.0,0.5,0.0,1.0
2022,2022-08-03,NY,LA,64,61,1,1,0,13.494710604212514,0.0,0.5,0.0,1.0
2022,2022-08-03,SEA,MIN,89,77,1,1,0,57.50243652343306,0.0,0.5,0.0,1.0
2022,2022-08-04,CONN,PHX,77,64,1,1,0,128.22934515195584,0.0,0.5,0.0,1.0
2022,2022-08-04,DAL,LV,82,80,1,1,0,-144.08061387428484,0.0,0.5,0.0,1.0
2022,2022-08-05,ATL,LA,88,86,1,1,0,-17.553579772388275,0.0,0.5,0.0,1.0
2022,2022-08-05,CHI,WSH,93,83,1,1,0,82.85966275395344,0.0,0.5,0.0,1.0
2022,2022-08-06,DAL,IND,95,91,1,1,0,209.4725426085156,0.0,0.5,0.0,1.0
2022,2022-08-06,PHX,NY,76,62,1,1,0,33.008682887780196,0.0,0.5,0.0,1.0
2022,2022-08-07,CHI,CONN,94,91,1,1,0,4.456044452432025,0.0,0.5,0.0,1.0
2022,2022-08-07,WSH,LA,76,79,0,0,0,118.84779525887666,0.0,0.5,0.0,1.0
2022,2022-08-07,SEA,LV,81,89,0,0,0,-42.103470504254574,0.0,0.5,0.0,1.0
2022,2022-08-07,MIN,ATL,81,71,1,1,0,85.39336570858904,0.0,0.5,0.0,1.0
2022,2022-08-08,DAL,NY,86,77,1,1,0,51.937171502329875,0.0,0.5,0.0,1.0
2022,2022-08-09,CHI,SEA,100,111,0,0,0,76.20485135408467,0.0,0.5,0.0,1.0
2022,2022-08-09,LV,ATL,97,90,1,1,0,215.04009029691133,0.0,0.5,0.0,1.0
2022,2022-08-09,LA,CONN,71,97,0,0,0,-186.55957846671367,0.0,0.5,0.0,1.0
2022,2022-08-10,DAL,NY,73,91,0,0,0,65.70761689464143,0.0,0.5,0.0,1.0
2022,2022-08-10,PHX,MIN,77,86,0,0,0,-12.947812933551177,0.0,0.5,0.0,1.0
2022,2022-08-11,LV,CHI,89,78,1,1,0,4.065688790670947,0.0,0.5,0.0,1.0
2022,2022-08-11,LA,CONN,69,93,0,0,0,-199.58022585802132,0.0,0.5,0.0,1.0
2022,2022-08-12,IND,WSH,70,82,0,0,0,-237.91795546351864,0.0,0.5,0.0,1.0
2022,2022-08-12,ATL,NY,70,80,0,0,0,-46.743227190944936,0.0,0.5,0.0,1.0
2022,2022-08-12,MIN,SEA,69,96,0,0,0,-56.8118980937154,0.0,0.5,0.0,1.0
2022,2022-08-12,PHX,DAL,86,74,1,1,0,-8.921317617852765,0.0,0.5,0.0,1.0
2022,2022-08-14,CONN,MIN,90,83,1,1,0,121.28570063498569,0.0,0.5,0.0,1.0
2022,2022-08-14,NY,ATL,87,83,1,1,0,67.50597825390855,0.0,0.5,0.0,1.0
2022,2022-08-14,WSH,IND,95,83,1,1,0,248.48652988581648,0.0,0.5,0.0,1.0
2022,2022-08-14,LV,SEA,109,100,1,1,0,50.893278819122315,0.0,0.5,0.0,1.0
2022,2022-08-14,PHX,CHI,67,82,0,0,0,-124.47750408805427,0.0,0.5,0.0,1.0
2022,2022-08-14,LA,DAL,88,116,0,0,0,-65.49853897979096,0.0,0.5,0.0,1.0
2022,2022-08-17,CHI,NY,91,98,0,0,0,154.16530065284587,0.0,0.5,0.0,1.0
2022,2022-08-17,LV,PHX,79,63,1,1,0,159.97409569562,0.0,0.5,0.0,1.0
2022,2022-08-18,CONN,DAL,93,68,1,1,0,141.82038366404709,0.0,0.5,0.0,1.0
2022,2022-08-18,SEA,WSH,86,83,1,1,0,50.49727515210975,0.0,0.5,0.0,1.0
2022,2022-08-20,CHI,NY,100,62,1,1,0,123.19272843154477,0.0,0.5,0.0,1.0
2022,2022-08-20,LV,PHX,117,80,1,1,0,168.76993468582964,0.0,0.5,0.0,1.0
2022,2022-08-21,CONN,DAL,79,89,0,0,0,151.35420527536075,0.0,0.5,0.0,1.0
2022,2022-08-21,SEA,WSH,97,84,1,1,0,64.34266238107125,0.0,0.5,0.0,1.0
2022,2022-08-23,NY,CHI,72,90,0,0,0,-133.52688221436392,0.0,0.5,0.0,1.0
2022,2022-08-24,DAL,CONN,58,73,0,0,0,-120.49524792137913,0.0,0.5,0.0,1.0
2022,2022-08-28,LV,SEA,73,76,0,0,0,59.853448183814635,0.0,0.5,0.0,1.0
2022,2022-08-28,CHI,CONN,63,68,0,0,0,-10.878139026376402,0.0,0.5,0.0,1.0
2022,2022-08-31,CHI,CONN,85,77,1,1,0,-33.687128813784284,0.0,0.5,0.0,1.0
2022,2022-08-31,LV,SEA,78,73,1,1,0,33.21537701827992,0.0,0.5,0.0,1.0
2022,2022-09-04,CONN,CHI,72,76,0,0,0,15.19893011950694,0.0,0.5,0.0,1.0
2022,2022-09-04,SEA,LV,98,110,0,0,0,-47.974616803352546,0.0,0.5,0.0,1.0
2022,2022-09-06,CONN,CHI,104,80,1,1,0,-9.063515370549112,0.0,0.5,0.0,1.0
2022,2022-09-06,SEA,LV,92,97,0,0,0,-68.66657720953026,0.0,0.5,0.0,1.0
2022,2022-09-08,CHI,CONN,63,72,0,0,0,-8.02517324376845,0.0,0.5,0.0,1.0
2022,2022-09-11,LV,CONN,67,64,1,1,0,23.41584135140579,0.0,0.5,0.0,1.0
2022,2022-09-13,LV,CONN,85,71,1,1,0,38.704224502166426,0.0,0.5,0.0,1.0
2022,2022-09-15,CONN,LV,105,76,1,1,0,-53.17043356053796,0.0,0.5,0.0,1.0
2022,2022-09-18,CONN,LV,71,78,0,0,0,-33.563524378557986,0.0,0.5,0.0,1.0
2023,2023-05-05,MIN,WSH,72,69,1,1,0,-11.305838454101831,0.0,0.5,0.0,1.0
2023,2023-05-05,DAL,CHI,75,70,1,1,0,-116.1110807270586,0.0,0.5,0.0,1.0
2023,2023-05-07,CHI,IND,81,56,1,1,0,326.26463277156313,0.0,0.5,0.0,1.0
2023,2023-05-08,SEA,PHX,71,77,0,0,0,103.21265765438238,0.0,0.5,0.0,1.0
2023,2023-05-10,CONN,NY,63,57,1,1,0,154.45968162527333,0.0,0.5,0.0,1.0
2023,2023-05-10,WSH,ATL,88,76,1,1,0,116.4982461787099,0.0,0.5,0.0,1.0
2023,2023-05-12,PHX,LA,71,90,0,0,0,81.08994044585484,0.0,0.5,0.0,1.0
2023,2023-05-13,IND,DAL,90,83,1,1,0,-235.3089403369877,0.0,0.5,0.0,1.0
2023,2023-05-13,MIN,CHI,74,82,0,0,1,-90.12576861124035,0.0,0.5,0.0,0.0
2023,2023-05-13,LV,NY,84,77,1,1,0,214.04987569021705,0.0,0.5,0.0,1.0
2023,2023-05-14,ATL,CONN,68,85,0,0,0,-247.1668716116244,0.0,0.5,0.0,1.0
2023,2023-05-19,IND,CONN,61,70,0,0,0,-349.91117194425874,0.0,0.5,0.0,1.0
2023,2023-05-19,WSH,NY,80,64,1,1,0,46.86172442027373,0.0,0.5,0.0,1.0
2023,2023-05-19,MIN,CHI,66,77,0,0,0,-105.0510310166319,0.0,0.5,0.0,1.0
2023,2023-05-19,LA,PHX,94,71,1,1,0,-53.38699492046885,0.0,0.5,0.0,1.0
2023,2023-05-20,DAL,ATL,85,78,1,1,0,113.41020512382647,0.0,0.5,0.0,1.0
2023,2023-05-20,SEA,LV,64,105,0,0,0,-121.80398858951344,0.0,0.5,0.0,1.0
2023,2023-05-21,CONN,WSH,80,74,1,1,0,121.2700627160857,0.0,0.5,0.0,1.0
2023,2023-05-21,NY,IND,90,73,1,1,0,174.08696564724664,0.0,0.5,0.0,1.0
2023,2023-05-21,PHX,CHI,69,75,0,0,0,-152.77595173625718,0.0,0.5,0.0,1.0
2023,2023-05-23,WSH,CONN,81,88,0,0,0,-131.6892695254205,0.0,0.5,0.0,1.0
2023,2023-05-23,MIN,ATL,77,83,0,0,0,122.01619216357267,0.0,0.5,0.0,1.0
2023,2023-05-25,LA,LV,85,94,0,0,0,-261.92492654411285,0.0,0.5,0.0,1.0
2023,2023-05-25,PHX,MIN,90,81,1,1,0,-22.888305392434404,0.0,0.5,0.0,1.0
2023,2023-05-26,CHI,WSH,69,71,0,0,0,120.44082209117028,0.0,0.5,0.0,1.0
2023,2023-05-26,SEA,DAL,91,95,0,0,0,57.4045504990072,0.0,0.5,0.0,1.0
2023,2023-05-27,NY,CONN,81,65,1,1,0,-191.21670791846645,0.0,0.5,0.0,1.0
2023,2023-05-27,LV,LA,93,65,1,1,0,271.45437890662674,0.0,0.5,0.0,1.0
2023,2023-05-28,ATL,IND,87,90,0,0,0,109.30270652386753,0.0,0.5,0.0,1.0
2023,2023-05-28,CHI,DAL,94,88,1,1,0,99.6697707278895,0.0,0.5,0.0,1.0
2023,2023-05-28,LV,MIN,94,73,1,1,0,228.9451132088211,0.0,0.5,0.0,1.0
2023,2023-05-30,ATL,CHI,83,65,1,1,0,-242.52414491481886,0.0,0.5,0.0,1.0
2023,2023-05-30,CONN,IND,81,78,1,1,0,345.42727641715874,0.0,0.5,0.0,1.0
2023,2023-05-30,DAL,MIN,94,89,1,1,0,36.64827410496105,0.0,0.5,0.0,1.0
2023,2023-05-30,SEA,NY,78,86,0,0,0,66.88105615506447,0.0,0.5,0.0,1.0
2023,2023-06-01,MIN,CONN,84,89,0,0,0,-179.42018423905097,0.0,0.5,0.0,1.0
2023,2023-06-02,CHI,NY,76,77,0,0,0,113.04534571742647,0.0,0.5,0.0,1.0
2023,2023-06-02,WSH,DAL,75,74,1,1,0,7.187772127412472,0.0,0.5,0.0,1.0
2023,2023-06-02,ATL,LV,87,92,0,0,0,-315.3004407044316,0.0,0.5,0.0,1.0
2023,2023-06-02,PHX,LA,93,99,0,0,0,42.660934258200086,0.0,0.5,0.0,1.0
2023,2023-06-03,WSH,MIN,78,80,0,0,0,73.19371967151847,0.0,0.5,0.0,1.0
2023,2023-06-03,LA,SEA,92,85,1,1,0,-91.36473954587927,0.0,0.5,0.0,1.0
2023,2023-06-04,CONN,DAL,80,74,1,1,0,142.97823058040422,0.0,0.5,0.0,1.0
2023,2023-06-04,NY,CHI,82,86,0,0,0,-83.83347252061935,0.0,0.5,0.0,1.0
2023,2023-06-04,IND,LV,80,84,0,0,0,-415.88719541532123,0.0,0.5,0.0,1.0
2023,2023-06-06,CONN,LV,84,90,0,0,0,-57.77447797038667,0.0,0.5,0.0,1.0
2023,2023-06-06,CHI,IND,108,103,1,1,0,306.7275226972472,0.0,0.5,0.0,1.0
2023,2023-06-06,SEA,LA,66,63,1,1,0,69.56412874946182,0.0,0.5,0.0,1.0
2023,2023-06-07,DAL,PHX,84,79,1,1,0,45.805305409605126,0.0,0.5,0.0,1.0
2023,2023-06-08,CONN,LV,94,77,1,1,0,-77.90258756446201,0.0,0.5,0.0,1.0
2023,2023-06-09,ATL,NY,83,106,0,0,0,-108.87330770068661,0.0,0.5,0.0,1.0
2023,2023-06-09,DAL,PHX,90,77,1,1,0,59.89621236350126,0.0,0.5,0.0,1.0
2023,2023-06-09,MIN,IND,69,71,0,0,0,180.9499787563443,0.0,0.5,0.0,1.0
2023,2023-06-09,LA,CHI,77,62,1,1,0,-156.9286280380095,0.0,0.5,0.0,1.0
2023,2023-06-09,SEA,WSH,66,73,0,0,0,9.722102869787022,0.0,0.5,0.0,1.0
2023,2023-06-11,NY,DAL,102,93,1,1,0,-11.075465125526762,0.0,0.5,0.0,1.0
2023,2023-06-11,LV,CHI,93,80,1,1,0,123.83554729200387,0.0,0.5,0.0,1.0
2023,2023-06-11,SEA,WSH,65,71,0,0,0,-14.238401699135693,0.0,0.5,0.0,1.0
2023,2023-06-11,ATL,CONN,77,89,0,0,0,-276.34299307753645,0.0,0.5,0.0,1.0
2023,2023-06-11,IND,PHX,82,85,0,0,0,-136.8441225734009,0.0,0.5,0.0,1.0
2023,2023-06-11,MIN,LA,91,86,1,1,0,-1.8919570696864412,0.0,0.5,0.0,1.0
2023,2023-06-13,IND,WSH,87,66,1,1,0,-241.94233458851545,0.0,0.5,0.0,1.0
2023,2023-06-13,NY,ATL,79,86,0,0,0,139.1494695250467,0.0,0.5,0.0,1.0
2023,2023-06-13,PHX,SEA,69,83,0,0,0,-52.59344609682012,0.0,0.5,0.0,1.0
2023,2023-06-14,DAL,LA,61,79,0,0,0,59.004642649614425,0.0,0.5,0.0,1.0
2023,2023-06-15,CONN,ATL,88,92,0,0,0,270.1060540254359,0.0,0.5,0.0,1.0
2023,2023-06-15,CHI,IND,90,92,0,0,0,270.19207219920054,0.0,0.5,0.0,1.0
2023,2023-06-15,LV,SEA,96,63,1,1,0,203.84077282599264,0.0,0.5,0.0,1.0
2023,2023-06-16,WSH,PHX,88,69,1,1,0,84.85882245284233,0.0,0.5,0.0,1.0
2023,2023-06-16,LA,MIN,72,77,0,0,0,-1.4966398764145197,0.0,0.5,0.0,1.0
2023,2023-06-17,DAL,SEA,103,109,0,0,0,-15.679817415465095,0.0,0.5,0.0,1.0
2023,2023-06-18,NY,PHX,89,71,1,1,0,64.05056985355691,0.0,0.5,0.0,1.0
2023,2023-06-18,WSH,CHI,77,69,1,1,0,-34.4042908022127,0.0,0.5,0.0,1.0
2023,2023-06-18,IND,ATL,94,100,0,0,0,-76.67046293526755,0.0,0.5,0.0,1.0
2023,2023-06-18,LA,CONN,74,83,0,0,0,-192.23741638960996,0.0,0.5,0.0,1.0
2023,2023-06-18,LV,MIN,93,62,1,1,0,245.95150304311528,0.0,0.5,0.0,1.0
2023,2023-06-20,DAL,ATL,85,73,1,1,0,66.36077058171918,0.0,0.5,0.0,1.0
2023,2023-06-20,LA,MIN,61,67,0,0,0,-28.267715367845994,0.0,0.5,0.0,1.0
2023,2023-06-20,SEA,CONN,79,85,0,0,0,-127.57825501788147,0.0,0.5,0.0,1.0
2023,2023-06-21,PHX,LV,79,99,0,0,0,-296.01654568510367,0.0,0.5,0.0,1.0
2023,2023-06-22,CHI,WSH,59,80,0,0,0,15.875038484183051,0.0,0.5,0.0,1.0
2023,2023-06-22,MIN,CONN,68,89,0,0,0,-173.87326834708915,0.0,0.5,0.0,1.0
2023,2023-06-22,SEA,IND,68,80,0,0,0,192.2105787300834,0.0,0.5,0.0,1.0
2023,2023-06-23,ATL,NY,80,110,0,0,0,-94.96570454542689,0.0,0.5,0.0,1.0
2023,2023-06-23,LA,DAL,76,74,1,1,0,-56.60322575985788,0.0,0.5,0.0,1.0
2023,2023-06-24,LV,IND,101,88,1,1,0,390.86375343431723,0.0,0.5,0.0,1.0
2023,2023-06-24,SEA,PHX,97,74,1,1,0,73.13069234340423,0.0,0.5,0.0,1.0
2023,2023-06-25,CONN,CHI,96,72,1,1,0,119.28282906675008,0.0,0.5,0.0,1.0
2023,2023-06-25,NY,WSH,89,88,1,1,0,-38.764834887663255,0.0,0.5,0.0,1.0
2023,2023-06-25,LA,DAL,93,83,1,1,0,-36.79875357336755,0.0,0.5,0.0,1.0
2023,2023-06-26,LV,IND,88,80,1,1,0,393.6412063439973,0.0,0.5,0.0,1.0
2023,2023-06-27,CONN,NY,81,89,0,0,0,145.48735314744067,0.0,0.5,0.0,1.0
2023,2023-06-27,MIN,SEA,104,93,1,1,0,-27.111496558181443,0.0,0.5,0.0,1.0
2023,2023-06-27,PHX,DAL,62,77,0,0,0,-52.82332659411259,0.0,0.5,0.0,1.0
2023,2023-06-28,CHI,LA,80,63,1,1,0,87.02550393296497,0.0,0.5,0.0,1.0
2023,2023-06-28,WSH,ATL,109,86,1,1,0,142.33495687922436,0.0,0.5,0.0,1.0
2023,2023-06-29,LV,NY,98,81,1,1,0,191.96853491625257,0.0,0.5,0.0,1.0
2023,2023-06-29,PHX,IND,85,63,1,1,0,72.87369188865023,0.0,0.5,0.0,1.0
2023,2023-06-29,SEA,MIN,97,99,0,0,0,8.999076385020999,0.0,0.5,0.0,1.0
2023,2023-06-30,ATL,WSH,94,89,1,1,0,-151.84728578460067,0.0,0.5,0.0,1.0
2023,2023-06-30,CHI,LA,86,78,1,1,0,99.03349407281621,0.0,0.5,0.0,1.0
2023,2023-07-01,LV,CONN,102,84,1,1,0,80.89844761992254,0.0,0.5,0.0,1.0
2023,2023-07-01,PHX,MIN,76,86,0,0,0,-83.58110935327909,0.0,0.5,0.0,1.0
2023,2023-07-02,ATL,LA,112,84,1,1,0,-31.471541716695356,0.0,0.5,0.0,1.0
2023,2023-07-02,DAL,WSH,89,72,1,1,0,-55.14790078515671,0.0,0.5,0.0,1.0
2023,2023-07-02,IND,CHI,87,89,0,0,0,-222.8700845497267,0.0,0.5,0.0,1.0
2023,2023-07-02,SEA,NY,66,81,0,0,0,-52.72530869007437,0.0,0.5,0.0,1.0
2023,2023-07-05,NY,PHX,99,95,1,1,0,140.91666816732914,0.0,0.5,0.0,1.0
2023,2023-07-05,MIN,IND,90,83,1,1,0,184.10849691964654,0.0,0.5,0.0,1.0
2023,2023-07-05,LV,DAL,89,82,1,1,0,250.35905903626053,0.0,0.5,0.0,1.0
2023,2023-07-05,LA,ATL,79,90,0,0,0,13.11009091058122,0.0,0.5,0.0,1.0
2023,2023-07-06,CONN,SEA,93,73,1,1,0,175.44883389565803,0.0,0.5,0.0,1.0
2023,2023-07-07,WSH,IND,96,88,1,1,0,207.3170997507425,0.0,0.5,0.0,1.0
2023,2023-07-07,CHI,ATL,68,82,0,0,0,126.31370815414994,0.0,0.5,0.0,1.0
2023,2023-07-07,DAL,LV,80,78,1,1,0,-256.0988079429203,0.0,0.5,0.0,1.0
2023,2023-07-07,MIN,PHX,75,64,1,1,0,110.9514167826976,0.0,0.5,0.0,1.0
2023,2023-07-08,NY,SEA,80,76,1,1,0,82.02977057752105,0.0,0.5,0.0,1.0
2023,2023-07-09,CONN,WSH,92,84,1,1,0,122.29271575673079,0.0,0.5,0.0,1.0
2023,2023-07-09,IND,DAL,76,77,0,0,0,-187.66670498556664,0.0,0.5,0.0,1.0
2023,2023-07-09,PHX,LA,78,72,1,1,0,-25.11948117579982,0.0,0.5,0.0,1.0
2023,2023-07-09,MIN,LV,89,113,0,0,0,-212.57650783866302,0.0,0.5,0.0,1.0
2023,2023-07-09,CHI,ATL,77,88,0,0,0,96.51076576376272,0.0,0.5,0.0,1.0
2023,2023-07-11,WSH,SEA,93,86,1,1,0,62.294543558974965,0.0,0.5,0.0,1.0
2023,2023-07-11,LV,PHX,98,72,1,1,0,331.2824617990939,0.0,0.5,0.0,1.0
2023,2023-07-12,IND,NY,87,95,0,0,0,-247.66715383097812,0.0,0.5,0.0,1.0
2023,2023-07-12,CHI,CONN,72,84,0,0,0,-129.38962292394945,0.0,0.5,0.0,1.0
2023,2023-07-12,MIN,DAL,67,107,0,0,0,0.9443736418756998,0.0,0.5,0.0,1.0
2023,2023-07-12,ATL,SEA,85,75,1,1,0,4.125146642321624,0.0,0.5,0.0,1.0
2023,2023-07-12,LA,LV,78,97,0,0,0,-326.06466321547396,0.0,0.5,0.0,1.0
2023,2023-07-15,WIL,STE,127,143,0,0,1,20.0,0.0,0.5,0.0,0.0
2023,2023-07-18,ATL,MIN,82,73,1,1,0,-30.771551954248253,0.0,0.5,0.0,1.0
2023,2023-07-18,PHX,CONN,72,66,1,1,0,-263.6682552624659,0.0,0.5,0.0,1.0
2023,2023-07-19,WSH,IND,76,82,0,0,0,227.36847923977598,0.0,0.5,0.0,1.0
2023,2023-07-19,NY,DAL,88,98,0,0,0,40.36835043894803,0.0,0.5,0.0,1.0
2023,2023-07-20,CONN,ATL,82,71,1,1,0,172.87623310905838,0.0,0.5,0.0,1.0
2023,2023-07-20,MIN,LA,73,70,1,1,0,82.50226336950254,0.0,0.5,0.0,1.0
2023,2023-07-20,PHX,CHI,80,62,1,1,0,-102.94914231534017,0.0,0.5,0.0,1.0
2023,2023-07-20,SEA,LV,63,79,0,0,0,-292.75883246027774,0.0,0.5,0.0,1.0
2023,2023-07-21,WSH,NY,87,96,0,0,0,-34.41481279236905,0.0,0.5,0.0,1.0
2023,2023-07-22,ATL,CONN,78,86,0,0,0,-181.17306182393804,0.0,0.5,0.0,1.0
2023,2023-07-22,MIN,LV,81,98,0,0,0,-248.70951415944614,0.0,0.5,0.0,1.0
2023,2023-07-22,DAL,LA,98,84,1,1,0,133.11633048883164,0.0,0.5,0.0,1.0
2023,2023-07-22,SEA,CHI,75,90,0,0,0,-65.25691983287334,0.0,0.5,0.0,1.0
2023,2023-07-23,WSH,PHX,84,69,1,1,0,75.56545494896295,0.0,0.5,0.0,1.0
2023,2023-07-23,NY,IND,101,83,1,1,0,238.93990943047152,0.0,0.5,0.0,1.0
2023,2023-07-25,ATL,PHX,78,65,1,1,0,44.508046594661664,0.0,0.5,0.0,1.0
2023,2023-07-25,NY,SEA,86,82,1,1,0,129.10199914851478,0.0,0.5,0.0,1.0
2023,2023-07-25,CHI,LV,95,107,0,0,0,-231.00079681069133,0.0,0.5,0.0,1.0
2023,2023-07-25,DAL,CONN,83,88,0,0,0,-121.77042795334819,0.0,0.5,0.0,1.0
2023,2023-07-25,LA,IND,79,78,1,1,0,78.4263542536205,0.0,0.5,0.0,1.0
2023,2023-07-26,MIN,WSH,97,92,1,1,0,-19.313561225549165,0.0,0.5,0.0,1.0
2023,2023-07-27,LA,IND,81,68,1,1,0,90.85437673276783,0.0,0.5,0.0,1.0
2023,2023-07-27,NY,ATL,95,84,1,1,0,94.22063247629058,0.0,0.5,0.0,1.0
2023,2023-07-28,CHI,SEA,74,83,0,0,0,84.55157470099084,0.0,0.5,0.0,1.0
2023,2023-07-28,DAL,WSH,90,62,1,1,0,29.663774588281058,0.0,0.5,0.0,1.0
2023,2023-07-28,NY,MIN,83,88,0,0,0,73.98396365039207,0.0,0.5,0.0,1.0
2023,2023-07-30,CONN,MIN,83,87,0,0,0,155.8844943618169,0.0,0.5,0.0,1.0
2023,2023-07-30,ATL,WSH,80,73,1,1,0,-26.069453466610412,0.0,0.5,0.0,1.0
2023,2023-07-30,IND,SEA,62,85,0,0,0,-136.93246208236246,0.0,0.5,0.0,1.0
2023,2023-07-30,CHI,PHX,104,85,1,1,0,84.32580214614472,0.0,0.5,0.0,1.0
2023,2023-07-30,LA,NY,79,87,0,0,0,-151.65157664878166,0.0,0.5,0.0,1.0
2023,2023-07-30,LV,DAL,104,91,1,1,0,216.6245589122641,0.0,0.5,0.0,1.0
2023,2023-08-01,CONN,MIN,79,69,1,1,0,124.8429329768428,0.0,0.5,0.0,1.0
2023,2023-08-01,IND,PHX,72,71,1,1,0,-111.0379412441223,0.0,0.5,0.0,1.0
2023,2023-08-01,LV,ATL,93,72,1,1,0,281.66243585115444,0.0,0.5,0.0,1.0
2023,2023-08-01,LA,NY,69,76,0,0,0,-166.4947533525053,0.0,0.5,0.0,1.0
2023,2023-08-02,SEA,DAL,65,76,0,0,0,-84.67072720389933,0.0,0.5,0.0,1.0
2023,2023-08-03,PHX,ATL,91,71,1,1,0,-76.93553098763368,0.0,0.5,0.0,1.0
2023,2023-08-04,IND,CONN,72,88,0,0,0,-349.5545977203833,0.0,0.5,0.0,1.0
2023,2023-08-04,WSH,LA,79,77,1,1,0,90.93592414933119,0.0,0.5,0.0,1.0
2023,2023-08-04,DAL,CHI,89,104,0,0,0,39.0339692196053,0.0,0.5,0.0,1.0
2023,2023-08-04,MIN,NY,66,76,0,0,0,-50.691027271743906,0.0,0.5,0.0,1.0
2023,2023-08-05,PHX,SEA,91,97,0,0,0,-33.21726512513828,0.0,0.5,0.0,1.0
2023,2023-08-06,ATL,IND,82,73,1,1,0,157.74638482992418,0.0,0.5,0.0,1.0
2023,2023-08-06,NY,LV,99,61,1,1,0,-176.2192964373828,0.0,0.5,0.0,1.0
2023,2023-08-06,WSH,LA,83,91,0,0,0,102.75561165005684,0.0,0.5,0.0,1.0
2023,2023-08-06,DAL,CHI,96,104,0,0,0,13.482654432030813,0.0,0.5,0.0,1.0
2023,2023-08-08,SEA,CONN,69,81,0,0,0,-210.1370135927018,0.0,0.5,0.0,1.0
2023,2023-08-08,IND,LA,80,87,0,0,0,-100.67039381698464,0.0,0.5,0.0,1.0
2023,2023-08-08,CHI,MIN,79,88,0,0,0,16.72161210140007,0.0,0.5,0.0,1.0
2023,2023-08-08,DAL,LV,84,104,0,0,0,-228.1841959802059,0.0,0.5,0.0,1.0
2023,2023-08-08,PHX,WSH,91,72,1,1,0,-79.22941316768765,0.0,0.5,0.0,1.0
2023,2023-08-10,IND,MIN,91,73,1,1,0,-232.80910033412147,0.0,0.5,0.0,1.0
2023,2023-08-10,PHX,CONN,90,84,1,1,0,-260.2690770854183,0.0,0.5,0.0,1.0
2023,2023-08-10,SEA,ATL,68,67,1,1,0,-22.34588695833895,0.0,0.5,0.0,1.0
2023,2023-08-11,NY,CHI,89,73,1,1,0,79.90381173376863,0.0,0.5,0.0,1.0
2023,2023-08-11,LV,WSH,113,89,1,1,0,287.3925718860992,0.0,0.5,0.0,1.0
2023,2023-08-12,LA,ATL,85,74,1,1,0,-48.204957771285535,0.0,0.5,0.0,1.0
2023,2023-08-12,DAL,CONN,91,81,1,1,0,-138.74650975358168,0.0,0.5,0.0,1.0
2023,2023-08-13,WSH,CHI,83,76,1,1,0,-48.42267388685218,0.0,0.5,0.0,1.0
2023,2023-08-13,IND,NY,89,100,0,0,0,-296.66554891811984,0.0,0.5,0.0,1.0
2023,2023-08-13,SEA,PHX,81,71,1,1,0,31.99390471738684,0.0,0.5,0.0,1.0
2023,2023-08-13,LV,ATL,86,65,1,1,0,305.86191934391536,0.0,0.5,0.0,1.0
2023,2023-08-15,LV,NY,63,82,0,0,0,149.57297383917512,0.0,0.5,0.0,1.0
2023,2023-08-17,LV,NY,88,75,1,1,0,118.78652680246523,0.0,0.5,0.0,1.0
2023,2023-08-18,CONN,DAL,75,95,0,0,0,114.28955487852977,0.0,0.5,0.0,1.0
2023,2023-08-18,IND,WSH,79,83,0,0,0,-169.72783469404317,0.0,0.5,0.0,1.0
2023,2023-08-18,ATL,CHI,78,67,1,1,0,-54.626127414397615,0.0,0.5,0.0,1.0
2023,2023-08-18,PHX,NY,63,85,0,0,0,-202.83810391527663,0.0,0.5,0.0,1.0
2023,2023-08-18,SEA,MIN,70,78,0,0,0,-48.75630429682974,0.0,0.5,0.0,1.0
2023,2023-08-19,LV,LA,72,78,0,0,0,326.78740408404246,0.0,0.5,0.0,1.0
2023,2023-08-20,WSH,DAL,84,97,0,0,0,-60.835870950522576,0.0,0.5,0.0,1.0
2023,2023-08-20,CHI,CONN,73,79,0,0,0,-133.55644218210637,0.0,0.5,0.0,1.0
2023,2023-08-20,PHX,IND,73,83,0,0,0,112.94710031825184,0.0,0.5,0.0,1.0
2023,2023-08-20,MIN,SEA,74,88,0,0,0,69.40331759396099,0.0,0.5,0.0,1.0
2023,2023-08-22,ATL,LV,100,112,0,0,0,-272.17642385249565,0.0,0.5,0.0,1.0
2023,2023-08-22,WSH,CONN,64,68,0,0,0,-163.74710932394555,0.0,0.5,0.0,1.0
2023,2023-08-22,CHI,SEA,102,79,1,1,0,18.890779316868247,0.0,0.5,0.0,1.0
2023,2023-08-22,MIN,DAL,91,86,1,1,0,-43.03515232601103,0.0,0.5,0.0,1.0
2023,2023-08-23,LA,PHX,91,62,1,1,0,44.128563377077626,0.0,0.5,0.0,1.0
2023,2023-08-24,CONN,NY,90,95,0,0,0,16.48741049984733,0.0,0.5,0.0,1.0
2023,2023-08-24,IND,SEA,90,86,1,1,0,-146.7381086727014,0.0,0.5,0.0,1.0
2023,2023-08-24,CHI,LV,87,94,0,0,0,-241.9412029550124,0.0,0.5,0.0,1.0
2023,2023-08-24,DAL,MIN,81,90,0,0,0,24.010952067202197,0.0,0.5,0.0,1.0
2023,2023-08-25,ATL,LA,78,83,0,0,0,6.863302513398594,0.0,0.5,0.0,1.0
2023,2023-08-26,WSH,LV,78,62,1,1,0,-276.36589639525096,0.0,0.5,0.0,1.0
2023,2023-08-26,MIN,NY,76,111,0,0,0,-106.88922830673664,0.0,0.5,0.0,1.0
2023,2023-08-27,CONN,LA,83,68,1,1,0,170.85494761229575,0.0,0.5,0.0,1.0
2023,2023-08-27,IND,ATL,83,80,1,1,0,-117.47412584575795,0.0,0.5,0.0,1.0
2023,2023-08-27,PHX,DAL,74,77,0,0,0,-141.28725183883148,0.0,0.5,0.0,1.0
2023,2023-08-27,SEA,CHI,85,90,0,0,0,-41.67711805992349,0.0,0.5,0.0,1.0
2023,2023-08-28,NY,LV,94,85,1,1,0,-78.55140992412316,0.0,0.5,0.0,1.0
2023,2023-08-29,ATL,PHX,94,76,1,1,0,49.33275235656765,0.0,0.5,0.0,1.0
2023,2023-08-29,WSH,MIN,83,72,1,1,0,-42.547338306880874,0.0,0.5,0.0,1.0
2023,2023-08-29,LA,CHI,75,76,0,0,0,-43.8241170484298,0.0,0.5,0.0,1.0
2023,2023-08-31,CONN,PHX,84,74,1,1,0,259.905717097221,0.0,0.5,0.0,1.0
2023,2023-08-31,LV,WSH,84,75,1,1,0,225.27354454324222,0.0,0.5,0.0,1.0
2023,2023-08-31,LA,SEA,61,72,0,0,0,8.441530904547108,0.0,0.5,0.0,1.0
2023,2023-09-01,IND,DAL,100,110,0,0,0,-201.55428098825382,0.0,0.5,0.0,1.0
2023,2023-09-01,NY,CONN,89,58,1,1,0,20.113558993850575,0.0,0.5,0.0,1.0
2023,2023-09-01,MIN,ATL,91,85,1,1,0,75.2799309484435,0.0,0.5,0.0,1.0
2023,2023-09-02,LV,SEA,103,77,1,1,0,269.76941745837325,0.0,0.5,0.0,1.0
2023,2023-09-03,CHI,NY,69,86,0,0,0,-155.52433161374597,0.0,0.5,0.0,1.0
2023,2023-09-03,DAL,IND,84,97,0,0,0,213.82858262327613,0.0,0.5,0.0,1.0
2023,2023-09-03,MIN,PHX,86,73,1,1,0,147.54809658994554,0.0,0.5,0.0,1.0
2023,2023-09-03,LA,WSH,72,64,1,1,0,-53.457151072915394,0.0,0.5,0.0,1.0
2023,2023-09-05,CONN,LA,90,76,1,1,0,186.8301609249063,0.0,0.5,0.0,1.0
2023,2023-09-05,IND,CHI,69,96,0,0,0,-155.12197183032367,0.0,0.5,0.0,1.0
2023,2023-09-05,DAL,NY,93,94,0,0,0,-144.60049399417494,0.0,0.5,0.0,1.0
2023,2023-09-05,PHX,WSH,77,100,0,0,0,-109.29821140593526,0.0,0.5,0.0,1.0
2023,2023-09-06,ATL,SEA,79,68,1,1,0,-14.162166175097354,0.0,0.5,0.0,1.0
2023,2023-09-07,NY,LA,96,89,1,1,0,241.23240160039677,0.0,0.5,0.0,1.0
2023,2023-09-08,CONN,IND,76,59,1,1,0,293.60134816782465,0.0,0.5,0.0,1.0
2023,2023-09-08,WSH,ATL,75,80,0,0,0,44.86777085969857,0.0,0.5,0.0,1.0
2023,2023-09-08,CHI,MIN,92,87,1,1,0,-14.481633609422943,0.0,0.5,0.0,1.0
2023,2023-09-08,DAL,SEA,106,91,1,1,0,83.17527038522121,0.0,0.5,0.0,1.0
2023,2023-09-08,PHX,LV,73,94,0,0,0,-362.0668167077183,0.0,0.5,0.0,1.0
2023,2023-09-10,ATL,DAL,77,94,0,0,0,-73.12850123443627,0.0,0.5,0.0,1.0
2023,2023-09-10,CONN,CHI,91,102,0,0,0,117.43541363139889,0.0,0.5,0.0,1.0
2023,2023-09-10,IND,MIN,87,72,1,1,0,-177.87398511801666,0.0,0.5,0.0,1.0
2023,2023-09-10,NY,WSH,88,90,0,0,0,210.84896630061257,0.0,0.5,0.0,1.0
2023,2023-09-10,LV,PHX,100,85,1,1,0,368.0452485913752,0.0,0.5,0.0,1.0
2023,2023-09-10,SEA,LA,89,91,0,0,0,-4.863468341206044,0.0,0.5,0.0,1.0
2023,2023-09-13,CONN,MIN,90,60,1,1,0,118.91175869069548,0.0,0.5,0.0,1.0
2023,2023-09-13,LV,CHI,87,59,1,1,0,192.26872054243427,0.0,0.5,0.0,1.0
2023,2023-09-15,NY,WSH,90,75,1,1,0,177.7998157978741,0.0,0.5,0.0,1.0
2023,2023-09-15,DAL,ATL,94,82,1,1,0,92.37312344065344,0.0,0.5,0.0,1.0
2023,2023-09-17,CONN,MIN,75,82,0,0,0,129.4359071124136,0.0,0.5,0.0,1.0
2023,2023-09-17,LV,CHI,92,70,1,1,0,199.8553998231148,0.0,0.5,0.0,1.0
2023,2023-09-19,NY,WSH,90,85,1,1,0,185.9118128178643,0.0,0.5,0.0,1.0
2023,2023-09-19,DAL,ATL,101,74,1,1,0,104.12403637649072,0.0,0.5,0.0,1.0
2023,2023-09-20,MIN,CONN,75,90,0,0,0,-99.49701762532732,0.0,0.5,0.0,1.0
2023,2023-09-24,NY,CONN,63,78,0,0,0,54.294886894504316,0.0,0.5,0.0,1.0
2023,2023-09-24,LV,DAL,97,83,1,1,0,185.31225343014717,0.0,0.5,0.0,1.0
2023,2023-09-26,NY,CONN,84,77,1,1,0,27.943039079577147,0.0,0.5,0.0,1.0
2023,2023-09-26,LV,DAL,91,84,1,1,0,193.14818078014582,0.0,0.5,0.0,1.0
2023,2023-09-29,CONN,NY,81,92,0,0,0,-42.986046120837045,0.0,0.5,0.0,1.0
2023,2023-09-29,DAL,LV,61,64,0,0,0,-200.70378553847036,0.0,0.5,0.0,1.0
2023,2023-10-01,CONN,NY,84,87,0,0,0,-63.96466589391753,0.0,0.5,0.0,1.0
2023,2023-10-08,LV,NY,99,82,1,1,0,57.374777954865976,0.0,0.5,0.0,1.0
2023,2023-10-11,LV,NY,104,76,1,1,0,70.86397166838401,0.0,0.5,0.0,1.0
2023,2023-10-15,NY,LV,87,73,1,1,0,-83.66796040026179,0.0,0.5,0.0,1.0
2023,2023-10-18,NY,LV,69,70,0,0,0,-62.30762667930344,0.0,0.5,0.0,1.0
2024,2024-05-03,MIN,CHI,92,81,1,1,0,-22.592590411186166,0.0,0.5,0.0,1.0
2024,2024-05-03,DAL,IND,79,76,1,1,0,182.78061169590046,0.0,0.5,0.0,1.0
2024,2024-05-04,ATL,WSH,87,84,1,1,0,-48.66595810744343,0.0,0.5,0.0,1.0
2024,2024-05-04,SEA,LA,79,84,0,0,1,-28.011003645587607,0.0,0.5,0.0,0.0
2024,2024-05-07,CHI,NY,101,53,1,1,0,-160.18367209511575,0.0,0.5,0.0,1.0
2024,2024-05-07,SEA,PHX,85,59,1,1,0,56.08787662204645,0.0,0.5,0.0,1.0
2024,2024-05-08,WSH,MIN,77,83,0,0,0,-40.79936408273534,0.0,0.5,0.0,1.0
2024,2024-05-09,CON,NY,79,82,0,0,0,-156.68255361326828,0.0,0.5,0.0,1.0
2024,2024-05-09,IND,ATL,83,80,1,1,0,-94.9508318215469,0.0,0.5,0.0,1.0
2024,2024-05-10,PHX,LA,85,98,0,0,0,-109.26767312318361,0.0,0.5,0.0,1.0
2024,2024-05-11,LV,PUERTORICO,102,50,1,1,0,251.6635155110523,0.0,0.5,0.0,1.0
2024,2024-05-14,WSH,NY,80,85,0,0,0,-210.75351798240422,0.0,0.5,0.0,1.0
2024,2024-05-14,CON,IND,92,71,1,1,0,142.21145149938684,0.0,0.5,0.0,1.0
2024,2024-05-14,LV,PHX,89,80,1,1,0,423.1106326242168,0.0,0.5,0.0,1.0
2024,2024-05-14,SEA,MIN,70,83,0,0,0,-105.48035800793195,0.0,0.5,0.0,1.0
2024,2024-05-15,DAL,CHI,87,79,1,1,0,8.09658560746061,0.0,0.5,0.0,1.0
2024,2024-05-15,LA,ATL,81,92,0,0,0,34.40752088430145,0.0,0.5,0.0,1.0
2024,2024-05-16,IND,NY,66,102,0,0,0,-324.14081219805166,0.0,0.5,0.0,1.0
2024,2024-05-17,CON,WSH,84,77,1,1,0,50.17007463514324,0.0,0.5,0.0,1.0
2024,2024-05-17,MIN,SEA,102,93,1,1,0,122.87715035955307,0.0,0.5,0.0,1.0
2024,2024-05-18,NY,IND,91,80,1,1,0,331.316229765715,0.0,0.5,0.0,1.0
2024,2024-05-18,LV,LA,89,82,1,1,0,310.4796671149477,0.0,0.5,0.0,1.0
2024,2024-05-18,DAL,CHI,74,83,0,0,0,24.226066704474533,0.0,0.5,0.0,1.0
2024,2024-05-18,PHX,ATL,88,85,1,1,0,-105.86242515094818,0.0,0.5,0.0,1.0
2024,2024-05-19,WSH,SEA,75,84,0,0,0,44.60383965399092,0.0,0.5,0.0,1.0
2024,2024-05-20,IND,CON,84,88,0,0,0,-164.15037982689591,0.0,0.5,0.0,1.0
2024,2024-05-20,NY,SEA,74,63,1,1,0,266.68428234091243,0.0,0.5,0.0,1.0
2024,2024-05-21,ATL,DAL,83,78,1,1,0,-101.1075483302277,0.0,0.5,0.0,1.0
2024,2024-05-21,LV,PHX,88,98,0,0,0,416.2518536926002,0.0,0.5,0.0,1.0
2024,2024-05-21,LA,WSH,70,68,1,1,0,15.635658325514214,0.0,0.5,0.0,1.0
2024,2024-05-22,SEA,IND,85,83,1,1,0,72.87943927157403,0.0,0.5,0.0,1.0
2024,2024-05-23,CON,MIN,83,82,1,1,0,-17.49988633040607,0.0,0.5,0.0,1.0
2024,2024-05-23,NY,CHI,81,90,0,0,0,151.59613492509334,0.0,0.5,0.0,1.0
2024,2024-05-23,PHX,WSH,83,80,1,1,0,-59.252549037672225,0.0,0.5,0.0,1.0
2024,2024-05-24,LA,IND,73,78,0,0,0,124.12793813593566,0.0,0.5,0.0,1.0
2024,2024-05-25,MIN,NY,84,67,1,1,0,-142.3769508687792,0.0,0.5,0.0,1.0
2024,2024-05-25,CHI,CON,82,86,0,0,0,21.583850149706223,0.0,0.5,0.0,1.0
2024,2024-05-25,LV,IND,99,80,1,1,0,397.34717572751765,0.0,0.5,0.0,1.0
2024,2024-05-25,SEA,WSH,101,69,1,1,0,2.7824089477740017,0.0,0.5,0.0,1.0
2024,2024-05-25,PHX,DAL,92,107,0,0,0,-144.4003215723883,0.0,0.5,0.0,1.0
2024,2024-05-26,ATL,MIN,79,92,0,0,0,-96.57178910148878,0.0,0.5,0.0,1.0
2024,2024-05-26,LA,DAL,83,84,0,0,0,-86.2480111865259,0.0,0.5,0.0,1.0
2024,2024-05-28,CON,PHX,70,47,1,1,0,169.88150743494953,0.0,0.5,0.0,1.0
2024,2024-05-28,IND,LA,82,88,0,0,0,-86.51619345405379,0.0,0.5,0.0,1.0
2024,2024-05-28,CHI,SEA,68,77,0,0,0,108.94564582783005,0.0,0.5,0.0,1.0
2024,2024-05-29,NY,PHX,81,78,1,1,0,291.7646082272895,0.0,0.5,0.0,1.0
2024,2024-05-29,WSH,ATL,67,73,0,0,0,-25.613699690419708,0.0,0.5,0.0,1.0
2024,2024-05-29,MIN,LV,66,80,0,0,0,-198.8661393546147,0.0,0.5,0.0,1.0
2024,2024-05-30,IND,SEA,88,103,0,0,0,-104.03351678062586,0.0,0.5,0.0,1.0
2024,2024-05-30,CHI,LA,83,73,1,1,0,78.96147297619632,0.0,0.5,0.0,1.0
2024,2024-05-31,ATL,LV,78,74,1,1,0,-308.5571026090872,0.0,0.5,0.0,1.0
2024,2024-05-31,CON,DAL,74,72,1,1,0,5.2057186989372894,0.0,0.5,0.0,1.0
2024,2024-05-31,NY,WSH,90,79,1,1,0,262.17731949925314,0.0,0.5,0.0,1.0
2024,2024-05-31,MIN,PHX,95,71,1,1,0,179.12305177766234,0.0,0.5,0.0,1.0
2024,2024-06-01,IND,CHI,71,70,1,1,0,-198.89440906907294,0.0,0.5,0.0,1.0
2024,2024-06-02,ATL,CON,50,69,0,0,0,-90.79046899141667,0.0,0.5,0.0,1.0
2024,2024-06-02,PHX,LA,87,68,1,1,0,-77.74773447779171,0.0,0.5,0.0,1.0
2024,2024-06-02,NY,IND,104,68,1,1,0,319.1531806669341,0.0,0.5,0.0,1.0
2024,2024-06-02,MIN,DAL,87,76,1,1,0,15.880658049112526,0.0,0.5,0.0,1.0
2024,2024-06-04,CON,WSH,76,59,1,1,0,166.34047624329037,0.0,0.5,0.0,1.0
2024,2024-06-04,CHI,NY,75,88,0,0,0,-149.88033173403687,0.0,0.5,0.0,1.0
2024,2024-06-04,SEA,PHX,80,62,1,1,0,81.2182995963608,0.0,0.5,0.0,1.0
2024,2024-06-05,DAL,LV,81,95,0,0,0,-214.831224078059,0.0,0.5,0.0,1.0
2024,2024-06-05,LA,MIN,62,86,0,0,0,-127.79859818961108,0.0,0.5,0.0,1.0
2024,2024-06-06,WSH,CHI,71,79,0,0,1,-116.54107734221793,0.0,0.5,0.0,0.0
2024,2024-06-06,ATL,NY,61,78,0,0,0,-219.76859104642335,0.0,0.5,0.0,1.0
2024,2024-06-07,WSH,IND,83,85,0,0,0,42.5494893184532,0.0,0.5,0.0,1.0
2024,2024-06-07,LV,SEA,65,78,0,0,0,286.229268857247,0.0,0.5,0.0,1.0
2024,2024-06-07,LA,DAL,81,72,1,1,0,-98.47391400940728,0.0,0.5,0.0,1.0
2024,2024-06-07,PHX,MIN,81,80,1,1,0,-198.7439573456511,0.0,0.5,0.0,1.0
2024,2024-06-08,CON,NY,75,82,0,0,0,-112.17283269509676,0.0,0.5,0.0,1.0
2024,2024-06-08,CHI,ATL,80,89,0,0,0,67.41621470634163,0.0,0.5,0.0,1.0
2024,2024-06-09,NY,WSH,93,88,1,1,0,315.2046451995825,0.0,0.5,0.0,1.0
2024,2024-06-09,DAL,PHX,90,97,0,0,0,128.37659719780982,0.0,0.5,0.0,1.0
2024,2024-06-09,MIN,SEA,83,64,1,1,0,73.83975695221261,0.0,0.5,0.0,1.0
2024,2024-06-09,LA,LV,96,92,1,1,0,-296.2347815798455,0.0,0.5,0.0,1.0
2024,2024-06-10,CON,IND,89,72,1,1,0,202.8246748831864,0.0,0.5,0.0,1.0
2024,2024-06-11,ATL,WSH,68,87,0,0,0,91.10537274315197,0.0,0.5,0.0,1.0
2024,2024-06-11,LV,MIN,86,100,0,0,0,154.94441308947512,0.0,0.5,0.0,1.0
2024,2024-06-11,SEA,LA,95,79,1,1,0,22.965698719172906,0.0,0.5,0.0,1.0
2024,2024-06-12,CHI,CON,75,83,0,0,0,-60.19213690431684,0.0,0.5,0.0,1.0
2024,2024-06-13,IND,ATL,91,84,1,1,0,-95.36486584819636,0.0,0.5,0.0,1.0
2024,2024-06-13,DAL,SEA,84,92,0,0,0,14.784811760664297,0.0,0.5,0.0,1.0
2024,2024-06-13,PHX,LV,99,103,0,0,0,-301.98000756593524,0.0,0.5,0.0,1.0
2024,2024-06-14,WSH,CHI,83,81,1,1,0,-107.41027883692777,0.0,0.5,0.0,1.0
2024,2024-06-14,MIN,LA,81,76,1,1,0,132.6191562998124,0.0,0.5,0.0,1.0
2024,2024-06-15,DAL,CON,67,85,0,0,0,-91.81633544921237,0.0,0.5,0.0,1.0
2024,2024-06-15,LV,NY,82,90,0,0,0,10.122923320179325,0.0,0.5,0.0,1.0
2024,2024-06-16,IND,CHI,91,83,1,1,0,-117.48765312303726,0.0,0.5,0.0,1.0
2024,2024-06-16,PHX,SEA,87,78,1,1,0,-99.79747528360645,0.0,0.5,0.0,1.0
2024,2024-06-16,ATL,LA,87,74,1,1,0,2.0329458101766704,0.0,0.5,0.0,1.0
2024,2024-06-17,MIN,DAL,90,78,1,1,0,105.72430129816644,0.0,0.5,0.0,1.0
2024,2024-06-18,CON,LA,79,70,1,1,0,155.04182899830516,0.0,0.5,0.0,1.0
2024,2024-06-18,PHX,NY,99,93,1,1,0,-300.6654343819978,0.0,0.5,0.0,1.0
2024,2024-06-19,IND,WSH,88,81,1,1,0,-21.150023813862845,0.0,0.5,0.0,1.0
2024,2024-06-19,MIN,ATL,68,55,1,1,0,137.83835745355555,0.0,0.5,0.0,1.0
2024,2024-06-19,LV,SEA,94,83,1,1,0,209.289174125596,0.0,0.5,0.0,1.0
2024,2024-06-20,CHI,DAL,83,72,1,1,0,3.2878800708642757,0.0,0.5,0.0,1.0
2024,2024-06-20,NY,LA,93,80,1,1,0,264.1010260858702,0.0,0.5,0.0,1.0
2024,2024-06-21,ATL,IND,79,91,0,0,0,56.192613478039675,0.0,0.5,0.0,1.0
2024,2024-06-21,LV,CON,85,74,1,1,0,105.70560734309038,0.0,0.5,0.0,1.0
2024,2024-06-22,WSH,DAL,97,69,1,1,0,-70.45850019953514,0.0,0.5,0.0,1.0
2024,2024-06-22,NY,LA,98,88,1,1,0,269.46274205354484,0.0,0.5,0.0,1.0
2024,2024-06-22,MIN,PHX,73,60,1,1,0,170.25485647385062,0.0,0.5,0.0,1.0
2024,2024-06-23,ATL,NY,75,96,0,0,0,-264.47186716267265,0.0,0.5,0.0,1.0
2024,2024-06-23,WSH,DAL,92,84,1,1,0,-49.8566423092343,0.0,0.5,0.0,1.0
2024,2024-06-23,SEA,CON,72,61,1,1,0,-105.02402182064111,0.0,0.5,0.0,1.0
2024,2024-06-23,CHI,IND,88,87,1,1,0,80.29518767246168,0.0,0.5,0.0,1.0
2024,2024-06-25,NY,MIN,89,94,0,0,0,104.2207583930558,0.0,0.5,0.0,1.0
2024,2024-06-27,DAL,MIN,94,88,1,1,0,-168.50742006729206,0.0,0.5,0.0,1.0
2024,2024-06-27,WSH,CON,91,94,0,0,0,-161.84467353070477,0.0,0.5,0.0,1.0
2024,2024-06-27,CHI,LV,83,95,0,0,0,-213.6612257299994,0.0,0.5,0.0,1.0
2024,2024-06-27,SEA,IND,89,77,1,1,0,95.72730342202794,0.0,0.5,0.0,1.0
2024,2024-06-28,CON,ATL,74,78,0,0,0,154.12476762666734,0.0,0.5,0.0,1.0
2024,2024-06-28,PHX,LA,92,78,1,1,0,-3.477630039832775,0.0,0.5,0.0,1.0
2024,2024-06-29,WSH,LV,77,88,0,0,0,-302.95777481564323,0.0,0.5,0.0,1.0
2024,2024-06-29,SEA,DAL,97,76,1,1,0,41.727948766554846,0.0,0.5,0.0,1.0
2024,2024-06-30,NY,ATL,81,75,1,1,0,244.00632465911804,0.0,0.5,0.0,1.0
2024,2024-06-30,CHI,MIN,62,70,0,0,0,-115.46519744166972,0.0,0.5,0.0,1.0
2024,2024-06-30,PHX,IND,82,88,0,0,0,36.40522764891534,0.0,0.5,0.0,1.0
2024,2024-07-01,PHX,CON,72,83,0,0,0,-151.93443185803676,0.0,0.5,0.0,1.0
2024,2024-07-01,SEA,DAL,95,71,1,1,0,56.03381392068036,0.0,0.5,0.0,1.0
2024,2024-07-02,NY,MIN,76,67,1,1,0,82.98305095357819,0.0,0.5,0.0,1.0
2024,2024-07-02,ATL,CHI,77,85,0,0,0,-34.645942232173184,0.0,0.5,0.0,1.0
2024,2024-07-02,LV,IND,88,69,1,1,0,309.1880200284129,0.0,0.5,0.0,1.0
2024,2024-07-02,LA,WSH,80,82,0,0,0,12.093896636858062,0.0,0.5,0.0,1.0
2024,2024-07-03,DAL,PHX,96,104,0,0,0,35.373036303152276,0.0,0.5,0.0,1.0
2024,2024-07-04,MIN,CON,73,78,0,0,0,27.314179043801005,0.0,0.5,0.0,1.0
2024,2024-07-04,LV,WSH,98,77,1,1,0,300.96709977610703,0.0,0.5,0.0,1.0
2024,2024-07-05,DAL,ATL,85,82,1,1,0,0.18971438384664907,0.0,0.5,0.0,1.0
2024,2024-07-05,LA,LV,98,93,1,1,0,-315.18998767972926,0.0,0.5,0.0,1.0
2024,2024-07-05,SEA,CHI,84,88,0,0,0,26.35708981000994,0.0,0.5,0.0,1.0
2024,2024-07-06,IND,NY,83,78,1,1,0,-294.977357199489,0.0,0.5,0.0,1.0
2024,2024-07-06,MIN,WSH,74,67,1,1,0,177.06593173448823,0.0,0.5,0.0,1.0
2024,2024-07-07,CON,ATL,80,67,1,1,0,165.00344036947627,0.0,0.5,0.0,1.0
2024,2024-07-07,LV,DAL,104,85,1,1,0,262.72910107798,0.0,0.5,0.0,1.0
2024,2024-07-07,SEA,CHI,84,71,1,1,0,1.4858797103961479,0.0,0.5,0.0,1.0
2024,2024-07-07,LA,PHX,78,84,0,0,0,-1.6432084292810032,0.0,0.5,0.0,1.0
2024,2024-07-09,LA,MIN,67,82,0,0,0,-186.3138748543895,0.0,0.5,0.0,1.0
2024,2024-07-10,CON,NY,68,71,0,0,0,-89.84955699810439,0.0,0.5,0.0,1.0
2024,2024-07-10,IND,WSH,84,89,0,0,0,9.698453477995372,0.0,0.5,0.0,1.0
2024,2024-07-10,CHI,ATL,78,69,1,1,0,72.87404301662536,0.0,0.5,0.0,1.0
2024,2024-07-10,SEA,LV,79,84,0,0,0,-195.62990752146857,0.0,0.5,0.0,1.0
2024,2024-07-10,PHX,DAL,100,84,1,1,0,-3.9382458897896413,0.0,0.5,0.0,1.0
2024,2024-07-11,NY,CHI,91,76,1,1,0,193.36898479528713,0.0,0.5,0.0,1.0
2024,2024-07-12,ATL,LV,70,84,0,0,0,-299.1218176384989,0.0,0.5,0.0,1.0
2024,2024-07-12,IND,PHX,95,86,1,1,0,-34.54408276021195,0.0,0.5,0.0,1.0
2024,2024-07-12,SEA,MIN,91,63,1,1,0,-97.7063960292528,0.0,0.5,0.0,1.0
2024,2024-07-13,CHI,NY,67,81,0,0,0,-200.9168030977337,0.0,0.5,0.0,1.0
2024,2024-07-13,DAL,LA,81,87,0,0,0,27.025766124295615,0.0,0.5,0.0,1.0
2024,2024-07-14,CON,PHX,96,69,1,1,0,150.90654990586518,0.0,0.5,0.0,1.0
2024,2024-07-14,WSH,LV,77,89,0,0,0,-294.263523051663,0.0,0.5,0.0,1.0
2024,2024-07-14,MIN,IND,74,81,0,0,0,173.65329919465034,0.0,0.5,0.0,1.0
2024,2024-07-14,SEA,ATL,81,70,1,1,0,106.03805048740492,0.0,0.5,0.0,1.0
2024,2024-07-16,WSH,PHX,87,96,0,0,0,-10.55731619051835,0.0,0.5,0.0,1.0
2024,2024-07-16,LA,SEA,83,89,0,0,0,-105.82231676167589,0.0,0.5,0.0,1.0
2024,2024-07-16,NY,CON,82,74,1,1,0,113.4825608993101,0.0,0.5,0.0,1.0
2024,2024-07-16,LV,CHI,85,93,0,0,0,231.62465256577025,0.0,0.5,0.0,1.0
2024,2024-07-17,MIN,ATL,86,79,1,1,0,171.2705303771486,0.0,0.5,0.0,1.0
2024,2024-07-17,DAL,IND,101,93,1,1,0,-15.906819783059746,0.0,0.5,0.0,1.0
2024,2024-07-20,WNBASTARS,USA,117,109,1,1,1,20.0,0.0,0.5,0.0,0.0
2024,2024-08-15,CHI,PHX,65,85,0,0,0,65.76716214253543,0.0,0.5,0.0,1.0
2024,2024-08-15,MIN,WSH,79,68,1,1,0,172.50956200875817,0.0,0.5,0.0,1.0
2024,2024-08-15,LA,NY,68,103,0,0,0,-301.2073382239407,0.0,0.5,0.0,1.0
2024,2024-08-16,ATL,SEA,83,81,1,1,0,-130.0145209776531,0.0,0.5,0.0,1.0
2024,2024-08-16,IND,PHX,98,89,1,1,0,-29.181780812997204,0.0,0.5,0.0,1.0
2024,2024-08-16,DAL,CON,91,109,0,0,0,-157.4117155296069,0.0,0.5,0.0,1.0
2024,2024-08-17,WSH,MIN,83,99,0,0,0,-180.82027922359066,0.0,0.5,0.0,1.0
2024,2024-08-17,LV,NY,67,79,0,0,0,-7.829509159021654,0.0,0.5,0.0,1.0
2024,2024-08-17,LA,CHI,86,90,0,0,0,-89.9788654470608,0.0,0.5,0.0,1.0
2024,2024-08-18,ATL,CON,82,70,1,1,0,-179.05038421040717,0.0,0.5,0.0,1.0
2024,2024-08-18,IND,SEA,92,75,1,1,0,-84.11988379268519,0.0,0.5,0.0,1.0
2024,2024-08-18,LV,LA,87,71,1,1,0,299.01258699248706,0.0,0.5,0.0,1.0
2024,2024-08-18,PHX,CHI,86,68,1,1,0,-57.08247495396631,0.0,0.5,0.0,1.0
2024,2024-08-20,CON,LA,69,61,1,1,0,186.30535638205265,0.0,0.5,0.0,1.0
2024,2024-08-20,NY,DAL,94,74,1,1,0,304.4134248679227,0.0,0.5,0.0,1.0
2024,2024-08-20,WSH,SEA,77,83,0,0,0,-111.02591091025602,0.0,0.5,0.0,1.0
2024,2024-08-21,ATL,PHX,72,63,1,1,0,-29.486721259166416,0.0,0.5,0.0,1.0
2024,2024-08-21,LV,MIN,87,98,0,0,0,104.5028712693204,0.0,0.5,0.0,1.0
2024,2024-08-22,NY,DAL,79,71,1,1,0,308.7861218734979,0.0,0.5,0.0,1.0
2024,2024-08-23,ATL,PHX,80,82,0,0,0,-11.238704683044716,0.0,0.5,0.0,1.0
2024,2024-08-23,CON,CHI,82,80,1,1,0,89.61632630083477,0.0,0.5,0.0,1.0
2024,2024-08-23,WSH,LA,80,74,1,1,0,0.23040622967278068,0.0,0.5,0.0,1.0
2024,2024-08-23,MIN,LV,87,74,1,1,0,-75.68277843345754,0.0,0.5,0.0,1.0
2024,2024-08-24,NY,CON,64,72,0,0,0,140.247830354989,0.0,0.5,0.0,1.0
2024,2024-08-24,MIN,IND,90,80,1,1,0,170.70160336440313,0.0,0.5,0.0,1.0
2024,2024-08-25,CHI,LV,75,77,0,0,0,-183.99922587942342,0.0,0.5,0.0,1.0
2024,2024-08-25,DAL,LA,113,110,1,1,0,35.516520914068224,0.0,0.5,0.0,1.0
2024,2024-08-26,ATL,IND,79,84,0,0,0,-17.39321107429555,0.0,0.5,0.0,1.0
2024,2024-08-26,PHX,NY,70,84,0,0,0,-255.5856371755699,0.0,0.5,0.0,1.0
2024,2024-08-26,SEA,WSH,72,74,0,0,0,119.82597155877602,0.0,0.5,0.0,1.0
2024,2024-08-27,DAL,LV,93,90,1,1,0,-254.5709387922991,0.0,0.5,0.0,1.0
2024,2024-08-28,IND,CON,84,80,1,1,0,-151.1520189299397,0.0,0.5,0.0,1.0
2024,2024-08-28,CHI,WSH,70,74,0,0,0,68.69996905978246,0.0,0.5,0.0,1.0
2024,2024-08-28,LA,NY,94,88,1,1,0,-345.5946032570928,0.0,0.5,0.0,1.0
2024,2024-08-28,PHX,MIN,76,89,0,0,0,-167.3453571346338,0.0,0.5,0.0,1.0
2024,2024-08-28,SEA,ATL,85,81,1,1,0,89.32032283980811,0.0,0.5,0.0,1.0
2024,2024-08-30,CHI,IND,81,100,0,0,0,1.7686532085670024,0.0,0.5,0.0,1.0
2024,2024-08-30,DAL,MIN,94,76,1,1,0,-189.3299629352307,0.0,0.5,0.0,1.0
2024,2024-08-30,LV,ATL,83,72,1,1,0,255.7292904545011,0.0,0.5,0.0,1.0
2024,2024-08-30,SEA,NY,85,98,0,0,0,-193.70106187867327,0.0,0.5,0.0,1.0
2024,2024-08-31,WSH,CON,85,96,0,0,0,-165.86604096829365,0.0,0.5,0.0,1.0
2024,2024-09-01,CON,SEA,93,86,1,1,0,96.52668227140475,0.0,0.5,0.0,1.0
2024,2024-09-01,MIN,CHI,79,74,1,1,0,158.73209231462806,0.0,0.5,0.0,1.0
2024,2024-09-01,DAL,IND,93,100,0,0,0,-25.228896203959266,0.0,0.5,0.0,1.0
2024,2024-09-01,PHX,LV,79,97,0,0,0,-219.2313056824164,0.0,0.5,0.0,1.0
2024,2024-09-01,LA,ATL,62,80,0,0,0,-14.358000833938377,0.0,0.5,0.0,1.0
2024,2024-09-03,CON,SEA,64,71,0,0,0,108.08015512155907,0.0,0.5,0.0,1.0
2024,2024-09-03,DAL,WSH,86,90,0,0,0,22.420834926985663,0.0,0.5,0.0,1.0
2024,2024-09-03,LV,CHI,90,71,1,1,0,220.3029334373132,0.0,0.5,0.0,1.0
2024,2024-09-03,PHX,ATL,74,66,1,1,0,25.068263591741697,0.0,0.5,0.0,1.0
2024,2024-09-04,IND,LA,93,86,1,1,0,109.56296821179308,0.0,0.5,0.0,1.0
2024,2024-09-05,NY,SEA,77,70,1,1,0,197.64742648802508,0.0,0.5,0.0,1.0
2024,2024-09-05,PHX,WSH,77,90,0,0,0,17.390891512063945,0.0,0.5,0.0,1.0
2024,2024-09-06,ATL,DAL,107,96,1,1,0,-20.639367285406934,0.0,0.5,0.0,1.0
2024,2024-09-06,CON,LV,67,72,0,0,0,-84.86162001762773,0.0,0.5,0.0,1.0
2024,2024-09-06,IND,MIN,88,99,0,0,0,-124.93368872438577,0.0,0.5,0.0,1.0
2024,2024-09-06,CHI,LA,92,78,1,1,0,74.54444091056303,0.0,0.5,0.0,1.0
2024,2024-09-07,SEA,PHX,90,66,1,1,0,70.91559867041019,0.0,0.5,0.0,1.0
2024,2024-09-08,WSH,MIN,71,78,0,0,0,-183.68415637762337,0.0,0.5,0.0,1.0
2024,2024-09-08,IND,ATL,104,100,1,1,0,68.64087792802115,0.0,0.5,0.0,1.0
2024,2024-09-08,NY,LV,75,71,1,1,0,28.10429912870677,0.0,0.5,0.0,1.0
2024,2024-09-08,CHI,DAL,92,77,1,1,0,34.242706458293014,0.0,0.5,0.0,1.0
2024,2024-09-08,LA,CON,67,79,0,0,0,-213.6540738235692,0.0,0.5,0.0,1.0
2024,2024-09-10,ATL,MIN,64,76,0,0,0,-222.92064405265205,0.0,0.5,0.0,1.0
2024,2024-09-10,DAL,NY,91,105,0,0,0,-307.138538441744,0.0,0.5,0.0,1.0
2024,2024-09-10,LA,CON,66,86,0,0,0,-225.34388662586593,0.0,0.5,0.0,1.0
2024,2024-09-11,IND,LV,75,86,0,0,0,-184.44464236989052,0.0,0.5,0.0,1.0
2024,2024-09-11,CHI,WSH,58,89,0,0,0,24.878080280617723,0.0,0.5,0.0,1.0
2024,2024-09-11,LA,SEA,82,90,0,0,0,-157.96177981708752,0.0,0.5,0.0,1.0
2024,2024-09-12,DAL,NY,67,99,0,0,0,-314.9084366758575,0.0,0.5,0.0,1.0
2024,2024-09-13,ATL,WSH,69,72,0,0,0,-44.09228717860424,0.0,0.5,0.0,1.0
2024,2024-09-13,IND,LV,74,78,0,0,0,-197.57243557773654,0.0,0.5,0.0,1.0
2024,2024-09-13,DAL,SEA,81,83,0,0,0,-115.86115713202344,0.0,0.5,0.0,1.0
2024,2024-09-13,MIN,CHI,83,66,1,1,0,189.99473684443115,0.0,0.5,0.0,1.0
2024,2024-09-13,PHX,CON,69,88,0,0,0,-162.24005883603877,0.0,0.5,0.0,1.0
2024,2024-09-15,IND,DAL,110,109,1,1,0,82.7940186150654,0.0,0.5,0.0,1.0
2024,2024-09-15,NY,MIN,79,88,0,0,0,84.39046914902337,0.0,0.5,0.0,1.0
2024,2024-09-15,WSH,ATL,73,76,0,0,0,65.00736937936108,0.0,0.5,0.0,1.0
2024,2024-09-15,CHI,PHX,88,93,0,0,0,22.597537897809843,0.0,0.5,0.0,1.0
2024,2024-09-15,LV,CON,84,71,1,1,0,90.15996686195899,0.0,0.5,0.0,1.0
2024,2024-09-15,SEA,LA,90,87,1,1,0,180.87337798948033,0.0,0.5,0.0,1.0
2024,2024-09-17,CON,MIN,76,78,0,0,0,-63.601448959655045,0.0,0.5,0.0,1.0
2024,2024-09-17,WSH,NY,71,87,0,0,0,-267.36674535295197,0.0,0.5,0.0,1.0
2024,2024-09-17,ATL,CHI,86,70,1,1,0,-25.019198418649466,0.0,0.5,0.0,1.0
2024,2024-09-17,SEA,LV,72,85,0,0,0,-162.09303776854063,0.0,0.5,0.0,1.0
2024,2024-09-17,LA,PHX,81,85,0,0,0,-90.69087660884861,0.0,0.5,0.0,1.0
2024,2024-09-19,CON,CHI,87,54,1,1,0,159.42661418227863,0.0,0.5,0.0,1.0
2024,2024-09-19,NY,ATL,67,78,0,0,0,301.12875605797467,0.0,0.5,0.0,1.0
2024,2024-09-19,WSH,IND,92,91,1,1,0,-44.04360196673292,0.0,0.5,0.0,1.0
2024,2024-09-19,MIN,LA,51,68,0,0,0,331.5644439606806,0.0,0.5,0.0,1.0
2024,2024-09-19,LV,DAL,98,84,1,1,0,312.0151975119843,0.0,0.5,0.0,1.0
2024,2024-09-19,PHX,SEA,70,89,0,0,0,-81.91846706467186,0.0,0.5,0.0,1.0
2024,2024-09-22,NY,ATL,83,69,1,1,0,265.5756398664355,0.0,0.5,0.0,1.0
2024,2024-09-22,CON,IND,93,69,1,1,0,111.90080355650639,0.0,0.5,0.0,1.0
2024,2024-09-22,MIN,PHX,102,95,1,1,0,213.90572151844322,0.0,0.5,0.0,1.0
2024,2024-09-22,LV,SEA,78,67,1,1,0,169.112204220919,0.0,0.5,0.0,1.0
2024,2024-09-24,NY,ATL,91,82,1,1,0,270.8980656064589,0.0,0.5,0.0,1.0
2024,2024-09-24,LV,SEA,83,76,1,1,0,177.55241946172782,0.0,0.5,0.0,1.0
2024,2024-09-25,CON,IND,87,81,1,1,0,122.74091689072134,0.0,0.5,0.0,1.0
2024,2024-09-25,MIN,PHX,101,88,1,1,0,220.75609612622952,0.0,0.5,0.0,1.0
2024,2024-09-29,NY,LV,87,77,1,1,0,-7.287764489970414,0.0,0.5,0.0,1.0
2024,2024-09-29,MIN,CON,70,73,0,0,0,57.028231548068106,0.0,0.5,0.0,1.0
2024,2024-10-01,NY,LV,88,84,1,1,0,9.700944923753468,0.0,0.5,0.0,1.0
2024,2024-10-01,MIN,CON,77,70,1,1,0,30.53526575787282,0.0,0.5,0.0,1.0
2024,2024-10-04,CON,MIN,81,90,0,0,0,-45.438479874108,0.0,0.5,0.0,1.0
2024,2024-10-04,LV,NY,95,81,1,1,0,-25.741610557567128,0.0,0.5,0.0,1.0
2024,2024-10-06,LV,NY,62,76,0,0,0,-7.70731547442665,0.0,0.5,0.0,1.0
2024,2024-10-06,CON,MIN,92,82,1,1,0,-66.27621789642035,0.0,0.5,0.0,1.0
2024,2024-10-08,MIN,CON,88,77,1,1,0,45.914969045928046,0.0,0.5,0.0,1.0
2024,2024-10-10,NY,MIN,93,95,0,0,0,67.6233961332664,0.0,0.5,0.0,1.0
2024,2024-10-13,NY,MIN,80,66,1,1,0,40.590320327320114,0.0,0.5,0.0,1.0
2024,2024-10-16,MIN,NY,77,80,0,0,0,-54.9564203228083,0.0,0.5,0.0,1.0
2024,2024-10-18,MIN,NY,82,80,1,1,0,-75.24673171502354,0.0,0.5,0.0,1.0
2024,2024-10-20,NY,MIN,67,62,1,1,0,54.369622251337205,0.0,0.5,0.0,1.0
2025,2025-05-02,LV,DAL,112,78,1,1,1,305.5096883829003,0.0,0.5,0.0,0.0
2025,2025-05-02,CHI,BRAZIL,89,62,1,1,1,-99.57777052541132,0.0,0.5,0.0,0.0
2025,2025-05-03,IND,WSH,79,74,1,1,0,14.364374232031196,0.0,0.5,0.0,1.0
2025,2025-05-04,IND,BRAZIL,108,44,1,1,1,-33.14976800021395,0.0,0.5,0.0,0.0
2025,2025-05-04,SEA,CON,79,59,1,1,0,-69.753735812262,0.0,0.5,0.0,1.0
2025,2025-05-06,CHI,MIN,74,69,1,1,0,-224.37002469994763,0.0,0.5,0.0,1.0
2025,2025-05-06,GS,LA,82,83,0,0,0,165.81277336844028,0.0,0.5,0.0,1.0
2025,2025-05-06,LV,PHX,85,84,1,1,0,268.7390072999133,0.0,0.5,0.0,1.0
2025,2025-05-07,WSH,ATL,70,80,0,0,0,13.583404330538997,0.0,0.5,0.0,1.0
2025,2025-05-09,NY,CON,86,94,0,0,0,138.09942753462133,0.0,0.5,0.0,1.0
2025,2025-05-10,ATL,IND,76,81,0,0,0,-42.59566501873405,0.0,0.5,0.0,1.0
2025,2025-05-10,MIN,CHI,92,87,1,1,0,195.55609288722394,0.0,0.5,0.0,1.0
2025,2025-05-10,DAL,TOY,119,52,1,1,0,-133.74286085301856,0.0,0.5,0.0,1.0
2025,2025-05-11,PHX,GS,79,84,0,0,0,-77.99700122342847,0.0,0.5,0.0,1.0
2025,2025-05-12,NY,TOY,84,61,1,1,1,202.5325544171535,0.0,0.5,0.0,0.0
2025,2025-05-16,WSH,ATL,94,90,1,1,0,-0.08966219795047436,0.0,0.5,0.0,1.0
2025,2025-05-16,DAL,MIN,84,99,0,0,0,-248.56257669713523,0.0,0.5,0.0,1.0
2025,2025-05-16,GS,LA,67,84,0,0,0,143.86263042153655,0.0,0.5,0.0,1.0
2025,2025-05-17,NY,LV,92,78,1,1,0,14.928752388512976,0.0,0.5,0.0,1.0
2025,2025-05-17,IND,CHI,93,58,1,1,0,51.628115238913324,0.0,0.5,0.0,1.0
2025,2025-05-17,PHX,SEA,81,59,1,1,0,-121.50019105623323,0.0,0.5,0.0,1.0
2025,2025-05-18,CON,WSH,85,90,0,0,0,162.53365217405576,0.0,0.5,0.0,1.0
2025,2025-05-18,LA,MIN,75,89,0,0,0,-266.7812323452706,0.0,0.5,0.0,1.0
2025,2025-05-19,DAL,SEA,71,79,0,0,0,-133.2537453042737,0.0,0.5,0.0,1.0
2025,2025-05-20,CON,LV,62,87,0,0,0,-105.3891672852858,0.0,0.5,0.0,1.0
2025,2025-05-20,IND,ATL,90,91,0,0,0,78.78249091355906,0.0,0.5,0.0,1.0
2025,2025-05-21,MIN,DAL,85,81,1,1,0,271.2478807279074,0.0,0.5,0.0,1.0
2025,2025-05-21,GS,WSH,76,74,1,1,0,42.72003612583194,0.0,0.5,0.0,1.0
2025,2025-05-21,PHX,LA,89,86,1,1,0,48.040915797567095,0.0,0.5,0.0,1.0
2025,2025-05-22,ATL,IND,76,81,0,0,0,-51.19295787372698,0.0,0.5,0.0,1.0
2025,2025-05-22,CHI,NY,74,99,0,0,0,-286.07909353036575,0.0,0.5,0.0,1.0
2025,2025-05-23,MIN,CON,76,70,1,1,0,80.91287157093188,0.0,0.5,0.0,1.0
2025,2025-05-23,LV,WSH,75,72,1,1,0,252.44566645915984,0.0,0.5,0.0,1.0
2025,2025-05-23,LA,GS,73,82,0,0,0,-132.08890258272595,0.0,0.5,0.0,1.0
2025,2025-05-23,SEA,PHX,77,70,1,1,0,98.93192125723226,0.0,0.5,0.0,1.0
2025,2025-05-24,IND,NY,88,90,0,0,0,-228.48433399244777,0.0,0.5,0.0,1.0
2025,2025-05-24,ATL,DAL,83,75,1,1,0,44.3742464709394,0.0,0.5,0.0,1.0
2025,2025-05-25,ATL,CON,79,55,1,1,0,-137.89836030041556,0.0,0.5,0.0,1.0
2025,2025-05-25,LA,CHI,91,78,1,1,0,-67.13804037643285,0.0,0.5,0.0,1.0
2025,2025-05-25,PHX,WSH,68,62,1,1,0,-15.980396019024738,0.0,0.5,0.0,1.0
2025,2025-05-25,SEA,LV,102,82,1,1,0,-163.73504793872507,0.0,0.5,0.0,1.0
2025,2025-05-27,CON,DAL,87,109,0,0,0,184.2335267268104,0.0,0.5,0.0,1.0
2025,2025-05-27,NY,GS,95,67,1,1,0,219.27464493655953,0.0,0.5,0.0,1.0
2025,2025-05-27,MIN,SEA,82,77,1,1,0,112.26912612180035,0.0,0.5,0.0,1.0
2025,2025-05-27,LA,ATL,82,88,0,0,0,-70.67298720899748,0.0,0.5,0.0,1.0
2025,2025-05-27,PHX,CHI,94,89,1,1,0,16.056083251792188,0.0,0.5,0.0,1.0
2025,2025-05-28,WSH,IND,83,77,1,1,0,-56.3021607393207,0.0,0.5,0.0,1.0
2025,2025-05-29,NY,GS,82,77,1,1,0,225.95133888927376,0.0,0.5,0.0,1.0
2025,2025-05-29,CHI,DAL,97,92,1,1,0,22.89223405163284,0.0,0.5,0.0,1.0
2025,2025-05-30,IND,CON,83,85,0,0,0,-60.40561273319645,0.0,0.5,0.0,1.0
2025,2025-05-30,WSH,NY,63,85,0,0,0,-292.4603174004385,0.0,0.5,0.0,1.0
2025,2025-05-30,LV,LA,96,81,1,1,0,324.94338386067125,0.0,0.5,0.0,1.0
2025,2025-05-30,PHX,MIN,71,74,0,0,0,-224.36785174550369,0.0,0.5,0.0,1.0
2025,2025-05-30,SEA,ATL,87,94,0,0,0,91.5379907887102,0.0,0.5,0.0,1.0
2025,2025-05-31,DAL,CHI,83,94,0,0,0,-38.20909576115537,0.0,0.5,0.0,1.0
2025,2025-06-01,NY,CON,100,52,1,1,0,189.70765357985874,0.0,0.5,0.0,1.0
2025,2025-06-01,LA,PHX,80,85,0,0,0,-76.69495378608349,0.0,0.5,0.0,1.0
2025,2025-06-01,SEA,LV,70,75,0,0,0,-159.4177878244543,0.0,0.5,0.0,1.0
2025,2025-06-01,GS,MIN,75,86,0,0,0,-169.36837169356272,0.0,0.5,0.0,1.0
2025,2025-06-03,IND,WSH,85,76,1,1,0,30.68298379455132,0.0,0.5,0.0,1.0
2025,2025-06-03,MIN,PHX,88,65,1,1,0,232.98630905569098,0.0,0.5,0.0,1.0
2025,2025-06-03,SEA,DAL,83,77,1,1,0,152.88023210113215,0.0,0.5,0.0,1.0
2025,2025-06-05,WSH,NY,78,86,0,0,0,-312.05939728552016,0.0,0.5,0.0,1.0
2025,2025-06-05,PHX,GS,86,77,1,1,0,-52.838223316154426,0.0,0.5,0.0,1.0
2025,2025-06-06,CON,ATL,84,76,1,1,0,79.77737529110618,0.0,0.5,0.0,1.0
2025,2025-06-06,DAL,LA,79,93,0,0,0,14.344669198236033,0.0,0.5,0.0,1.0
2025,2025-06-07,GS,LV,95,68,1,1,0,-209.9561913053144,0.0,0.5,0.0,1.0
2025,2025-06-07,CHI,IND,52,79,0,0,0,-47.985311487138915,0.0,0.5,0.0,1.0
2025,2025-06-07,PHX,SEA,77,89,0,0,0,-73.90015478634109,0.0,0.5,0.0,1.0
2025,2025-06-08,WSH,CON,104,67,1,1,0,-124.65180887691895,0.0,0.5,0.0,1.0
2025,2025-06-08,DAL,MIN,65,81,0,0,0,-329.60859633704627,0.0,0.5,0.0,1.0
2025,2025-06-09,LA,GS,81,89,0,0,0,-137.6133258553109,0.0,0.5,0.0,1.0
2025,2025-06-10,ATL,IND,77,58,1,1,0,-27.208028961757464,0.0,0.5,0.0,1.0
2025,2025-06-10,NY,CHI,85,66,1,1,0,328.60917877319685,0.0,0.5,0.0,1.0
2025,2025-06-11,LV,LA,89,97,0,0,0,327.2387626162579,0.0,0.5,0.0,1.0
2025,2025-06-11,PHX,DAL,93,80,1,1,0,94.06289905321,0.0,0.5,0.0,1.0
2025,2025-06-11,SEA,MIN,94,84,1,1,0,-149.4372239284944,0.0,0.5,0.0,1.0
2025,2025-06-13,ATL,CHI,88,70,1,1,0,52.45710166138019,0.0,0.5,0.0,1.0
2025,2025-06-13,LV,DAL,88,84,1,1,0,320.5814896051463,0.0,0.5,0.0,1.0
2025,2025-06-14,MIN,LA,101,78,1,1,0,300.46079158372436,0.0,0.5,0.0,1.0
2025,2025-06-14,IND,NY,102,88,1,1,0,-270.9209954081243,0.0,0.5,0.0,1.0
2025,2025-06-14,GS,SEA,76,70,1,1,0,-40.89948840643842,0.0,0.5,0.0,1.0
2025,2025-06-15,CON,CHI,66,78,0,0,0,130.56908257086502,0.0,0.5,0.0,1.0
2025,2025-06-15,WSH,ATL,56,89,0,0,0,-36.603972468331904,0.0,0.5,0.0,1.0
2025,2025-06-15,LV,PHX,70,76,0,0,0,216.85982729468515,0.0,0.5,0.0,1.0
2025,2025-06-17,IND,CON,88,71,1,1,0,-31.735518082447925,0.0,0.5,0.0,1.0
2025,2025-06-17,NY,ATL,86,81,1,1,0,247.0463251848878,0.0,0.5,0.0,1.0
2025,2025-06-17,CHI,WSH,72,79,0,0,0,-3.930219707551487,0.0,0.5,0.0,1.0
2025,2025-06-17,DAL,GS,80,71,1,1,0,-176.080212659896,0.0,0.5,0.0,1.0
2025,2025-06-17,MIN,LV,76,62,1,1,0,26.177693785540896,0.0,0.5,0.0,1.0
2025,2025-06-17,LA,SEA,67,98,0,0,0,-168.84145861308366,0.0,0.5,0.0,1.0
2025,2025-06-18,CON,PHX,75,83,0,0,0,50.324231173838825,0.0,0.5,0.0,1.0
2025,2025-06-19,NY,PHX,81,89,0,0,0,257.7008934563785,0.0,0.5,0.0,1.0
2025,2025-06-19,GS,IND,88,77,1,1,0,1.5252502379037196,0.0,0.5,0.0,1.0
2025,2025-06-20,ATL,WSH,92,91,1,1,0,43.43170350736341,0.0,0.5,0.0,1.0
2025,2025-06-20,CON,DAL,83,86,0,0,0,148.39703630522354,0.0,0.5,0.0,1.0
2025,2025-06-20,LV,SEA,83,90,0,0,0,95.3685891634857,0.0,0.5,0.0,1.0
2025,2025-06-21,CHI,PHX,86,107,0,0,0,-82.97384980952916,0.0,0.5,0.0,1.0
2025,2025-06-21,MIN,LA,82,66,1,1,0,319.4580504230046,0.0,0.5,0.0,1.0
2025,2025-06-22,ATL,CHI,93,80,1,1,0,87.00948198557899,0.0,0.5,0.0,1.0
2025,2025-06-22,WSH,DAL,91,88,1,1,0,63.130015859980176,0.0,0.5,0.0,1.0
2025,2025-06-22,LV,IND,89,81,1,1,0,133.1312924518345,0.0,0.5,0.0,1.0
2025,2025-06-22,SEA,NY,89,79,1,1,0,-158.66904139405847,0.0,0.5,0.0,1.0
2025,2025-06-22,GS,CON,87,63,1,1,0,24.855694743357162,0.0,0.5,0.0,1.0
2025,2025-06-24,WSH,MIN,68,64,1,1,0,-245.43356211867808,0.0,0.5,0.0,1.0
2025,2025-06-24,CHI,LA,97,86,1,1,0,36.10752039260683,0.0,0.5,0.0,1.0
2025,2025-06-24,DAL,ATL,68,55,1,1,0,-133.37927773773322,0.0,0.5,0.0,1.0
2025,2025-06-24,SEA,IND,86,94,0,0,0,83.87122298775967,0.0,0.5,0.0,1.0
2025,2025-06-25,GS,NY,78,81,0,0,0,-186.43223762792536,0.0,0.5,0.0,1.0
2025,2025-06-25,LV,CON,85,59,1,1,0,152.52282450063808,0.0,0.5,0.0,1.0
2025,2025-06-26,IND,LA,75,85,0,0,0,149.10885854649928,0.0,0.5,0.0,1.0
2025,2025-06-26,LV,WSH,83,94,0,0,0,182.51373416109345,0.0,0.5,0.0,1.0
2025,2025-06-27,ATL,MIN,92,96,0,0,0,-185.5778928015875,0.0,0.5,0.0,1.0
2025,2025-06-27,DAL,IND,86,94,0,0,0,-112.59518882637008,0.0,0.5,0.0,1.0
2025,2025-06-27,GS,CHI,83,78,1,1,0,108.53993538319696,0.0,0.5,0.0,1.0
2025,2025-06-27,PHX,NY,106,91,1,1,0,-207.64384707693966,0.0,0.5,0.0,1.0
2025,2025-06-27,SEA,CON,97,81,1,1,0,83.98839274113948,0.0,0.5,0.0,1.0
2025,2025-06-28,DAL,WSH,79,71,1,1,0,-103.65434767152556,0.0,0.5,0.0,1.0
2025,2025-06-29,ATL,NY,90,81,1,1,0,-220.88866041104916,0.0,0.5,0.0,1.0
2025,2025-06-29,LA,CHI,85,92,0,0,0,-29.831466411317706,0.0,0.5,0.0,1.0
2025,2025-06-29,PHX,LV,81,84,0,0,0,-101.65988052898501,0.0,0.5,0.0,1.0
2025,2025-06-29,MIN,CON,102,63,1,1,0,207.38480997900433,0.0,0.5,0.0,1.0
2025,2025-06-29,GS,SEA,84,57,1,1,0,-46.470091041579735,0.0,0.5,0.0,1.0
2025,2025-07-01,MIN,IND,59,74,0,0,0,183.7702110542357,0.0,0.5,0.0,1.0
2025,2025-07-03,IND,LV,81,54,1,1,0,-117.26817835487122,0.0,0.5,0.0,1.0
2025,2025-07-03,NY,LA,89,79,1,1,0,325.85688795134797,0.0,0.5,0.0,1.0
2025,2025-07-03,ATL,SEA,79,80,0,0,0,-63.47057101649534,0.0,0.5,0.0,1.0
2025,2025-07-03,DAL,PHX,98,89,1,1,0,-132.38958217205914,0.0,0.5,0.0,1.0
2025,2025-07-03,MIN,WSH,92,75,1,1,0,204.90225423701554,0.0,0.5,0.0,1.0
2025,2025-07-05,IND,LA,87,89,0,0,0,167.3500089358197,0.0,0.5,0.0,1.0
2025,2025-07-05,MIN,GS,82,71,1,1,0,139.15420510268018,0.0,0.5,0.0,1.0
2025,2025-07-06,NY,SEA,70,79,0,0,0,120.82354627848736,0.0,0.5,0.0,1.0
2025,2025-07-06,CON,LV,68,86,0,0,0,-152.36934739962862,0.0,0.5,0.0,1.0
2025,2025-07-06,MIN,CHI,80,75,1,1,0,262.25530334183964,0.0,0.5,0.0,1.0
2025,2025-07-07,ATL,GS,90,81,1,1,0,-41.2992834517147,0.0,0.5,0.0,1.0
2025,2025-07-07,PHX,DAL,102,72,1,1,0,108.28177340584875,0.0,0.5,0.0,1.0
2025,2025-07-08,WSH,CHI,81,79,1,1,0,48.086166324762644,0.0,0.5,0.0,1.0
2025,2025-07-08,NY,LV,87,78,1,1,0,46.23760193540238,0.0,0.5,0.0,1.0
2025,2025-07-09,CON,SEA,93,83,1,1,0,-122.14900493815276,0.0,0.5,0.0,1.0
2025,2025-07-09,IND,GS,61,80,0,0,0,-5.9101843357043435,0.0,0.5,0.0,1.0
2025,2025-07-09,PHX,MIN,79,71,1,1,0,-171.32165601508837,0.0,0.5,0.0,1.0
2025,2025-07-09,CHI,DAL,87,76,1,1,0,15.956760132280124,0.0,0.5,0.0,1.0
2025,2025-07-10,LA,MIN,82,91,0,0,0,-289.63719733436733,0.0,0.5,0.0,1.0
2025,2025-07-10,WSH,LV,70,68,1,1,0,-155.83205004585466,0.0,0.5,0.0,1.0
2025,2025-07-11,IND,ATL,99,82,1,1,0,4.920187448892648,0.0,0.5,0.0,1.0
2025,2025-07-11,SEA,CON,79,65,1,1,0,98.6090967275145,0.0,0.5,0.0,1.0
2025,2025-07-12,CHI,MIN,87,81,1,1,0,-257.91551222274325,0.0,0.5,0.0,1.0
2025,2025-07-12,LV,GS,104,102,1,1,0,79.97038022933202,0.0,0.5,0.0,1.0
2025,2025-07-13,IND,DAL,102,83,1,1,0,128.18744742896115,0.0,0.5,0.0,1.0
2025,2025-07-13,NY,ATL,79,72,1,1,0,195.03857999191132,0.0,0.5,0.0,1.0
2025,2025-07-13,LA,CON,92,88,1,1,0,-96.08581584490821,0.0,0.5,0.0,1.0
2025,2025-07-13,SEA,WSH,69,74,0,0,0,99.10846052534157,0.0,0.5,0.0,1.0
2025,2025-07-14,CHI,MIN,78,91,0,0,0,-227.61351786475757,0.0,0.5,0.0,1.0
2025,2025-07-14,GS,PHX,77,78,0,0,0,2.6234427522033457,0.0,0.5,0.0,1.0
2025,2025-07-15,CON,IND,77,85,0,0,0,-56.68331086110993,0.0,0.5,0.0,1.0
2025,2025-07-15,LA,WSH,99,80,1,1,0,-110.29089455842427,0.0,0.5,0.0,1.0
2025,2025-07-16,CHI,ATL,49,86,0,0,0,-61.93133294285144,0.0,0.5,0.0,1.0
2025,2025-07-16,MIN,PHX,79,66,1,1,0,127.91811167207106,0.0,0.5,0.0,1.0
2025,2025-07-16,SEA,GS,67,58,1,1,0,52.30261322437309,0.0,0.5,0.0,1.0
2025,2025-07-16,NY,IND,98,77,1,1,0,162.40405247445074,0.0,0.5,0.0,1.0
2025,2025-07-16,DAL,LV,86,90,0,0,0,-240.23753197584324,0.0,0.5,0.0,1.0
2025,2025-07-19,CLA,COL,131,151,0,0,0,0.0,0.0,0.5,0.0,1.0
2025,2025-07-22,WSH,LA,86,93,0,0,0,87.4159686619198,0.0,0.5,0.0,1.0
2025,2025-07-22,NY,IND,98,84,1,1,0,171.10428688296747,0.0,0.5,0.0,1.0
2025,2025-07-22,MIN,CHI,91,68,1,1,0,253.65769431865692,0.0,0.5,0.0,1.0
2025,2025-07-22,LV,ATL,87,72,1,1,0,127.25108991348498,0.0,0.5,0.0,1.0
2025,2025-07-22,SEA,DAL,63,87,0,0,0,200.5428396853904,0.0,0.5,0.0,1.0
2025,2025-07-23,PHX,ATL,79,90,0,0,0,38.87043483651905,0.0,0.5,0.0,1.0
2025,2025-07-24,CON,LA,86,101,0,0,0,38.47762014546902,0.0,0.5,0.0,1.0
2025,2025-07-24,IND,LV,80,70,1,1,0,-110.68206080481878,0.0,0.5,0.0,1.0
2025,2025-07-24,CHI,SEA,57,95,0,0,0,-145.3840921543922,0.0,0.5,0.0,1.0
2025,2025-07-25,NY,PHX,89,76,1,1,0,180.0944130859491,0.0,0.5,0.0,1.0
2025,2025-07-25,MIN,LV,109,78,1,1,0,53.78039104039999,0.0,0.5,0.0,1.0
2025,2025-07-25,GS,DAL,86,76,1,1,0,118.13786217342886,0.0,0.5,0.0,1.0
2025,2025-07-26,NY,LA,99,101,0,0,0,277.54065569354907,0.0,0.5,0.0,1.0
2025,2025-07-26,WSH,SEA,69,58,1,1,0,-94.09869014733658,0.0,0.5,0.0,1.0
2025,2025-07-27,CON,GS,95,64,1,1,0,-75.7724700879628,0.0,0.5,0.0,1.0
2025,2025-07-27,CHI,IND,78,93,0,0,0,-125.330003076308,0.0,0.5,0.0,1.0
2025,2025-07-27,DAL,LV,80,106,0,0,0,-226.42323355403028,0.0,0.5,0.0,1.0
2025,2025-07-27,WSH,PHX,72,88,0,0,0,-31.7968217939233,0.0,0.5,0.0,1.0
2025,2025-07-27,MIN,ATL,86,90,0,0,0,173.805193688901,0.0,0.5,0.0,1.0
2025,2025-07-28,CON,SEA,85,101,0,0,0,-106.35506425215249,0.0,0.5,0.0,1.0
2025,2025-07-28,DAL,NY,92,82,1,1,0,-305.56072848853137,0.0,0.5,0.0,1.0
2025,2025-07-29,ATL,GS,75,77,0,0,0,17.699426419110978,0.0,0.5,0.0,1.0
2025,2025-07-29,WSH,CHI,103,86,1,1,0,74.77674467186557,0.0,0.5,0.0,1.0
2025,2025-07-29,LA,LV,74,89,0,0,0,-174.50680927721191,0.0,0.5,0.0,1.0
2025,2025-07-30,IND,PHX,107,101,1,1,0,13.419494963483658,0.0,0.5,0.0,1.0
2025,2025-07-30,DAL,ATL,85,88,0,0,0,-113.20154707360052,0.0,0.5,0.0,1.0
2025,2025-07-30,MIN,NY,100,93,1,1,0,-5.9193701935662375,0.0,0.5,0.0,1.0
2025,2025-07-31,WSH,GS,67,68,0,0,0,-37.35761972594719,0.0,0.5,0.0,1.0
2025,2025-08-01,ATL,PHX,95,72,1,1,0,-0.05669110958547208,0.0,0.5,0.0,1.0
2025,2025-08-01,CON,NY,78,62,1,1,0,-220.76863595324085,0.0,0.5,0.0,1.0
2025,2025-08-01,CHI,GS,66,73,0,0,0,-135.39385280286456,0.0,0.5,0.0,1.0
2025,2025-08-01,DAL,IND,78,88,0,0,0,-159.47436033769463,0.0,0.5,0.0,1.0
2025,2025-08-01,SEA,LA,106,108,0,0,0,127.76313029446305,0.0,0.5,0.0,1.0
2025,2025-08-02,LV,MIN,58,111,0,0,0,-47.6777974327174,0.0,0.5,0.0,1.0
2025,2025-08-03,CON,NY,78,87,0,0,0,-192.1225144023765,0.0,0.5,0.0,1.0
2025,2025-08-03,ATL,WSH,99,83,1,1,0,58.08039411529967,0.0,0.5,0.0,1.0
2025,2025-08-03,SEA,IND,74,78,0,0,0,-5.274016144998541,0.0,0.5,0.0,1.0
2025,2025-08-03,CHI,PHX,67,83,0,0,0,-126.15196170218633,0.0,0.5,0.0,1.0
2025,2025-08-03,LV,GS,101,77,1,1,0,79.47589489347342,0.0,0.5,0.0,1.0
2025,2025-08-05,NY,DAL,85,76,1,1,0,272.6724439390716,0.0,0.5,0.0,1.0
2025,2025-08-05,CHI,WSH,78,64,1,1,0,-85.99031842703243,0.0,0.5,0.0,1.0
2025,2025-08-05,LA,IND,100,91,1,1,0,-114.73318487046299,0.0,0.5,0.0,1.0
2025,2025-08-05,PHX,CON,82,66,1,1,0,69.45020806135562,0.0,0.5,0.0,1.0
2025,2025-08-05,SEA,MIN,87,91,0,0,0,-144.90851811836956,0.0,0.5,0.0,1.0
2025,2025-08-06,GS,LV,72,78,0,0,0,-91.85222015349223,0.0,0.5,0.0,1.0
2025,2025-08-07,CHI,ATL,65,86,0,0,0,-146.77694713766687,0.0,0.5,0.0,1.0
2025,2025-08-07,LA,CON,102,91,1,1,0,20.91969916192761,0.0,0.5,0.0,1.0
2025,2025-08-07,PHX,IND,95,60,1,1,0,-30.2028487705727,0.0,0.5,0.0,1.0
2025,2025-08-08,DAL,NY,77,88,0,0,0,-277.8091767308681,0.0,0.5,0.0,1.0
2025,2025-08-08,MIN,WSH,80,76,1,1,0,239.4620939423221,0.0,0.5,0.0,1.0
2025,2025-08-08,LV,SEA,90,86,1,1,0,99.39929136996147,0.0,0.5,0.0,1.0
2025,2025-08-09,IND,CHI,92,70,1,1,0,166.6915219719549,0.0,0.5,0.0,1.0
2025,2025-08-09,GS,LA,72,59,1,1,0,48.8319367447657,0.0,0.5,0.0,1.0
2025,2025-08-10,NY,MIN,71,83,0,0,0,-32.921473768595206,0.0,0.5,0.0,1.0
2025,2025-08-10,DAL,WSH,78,91,0,0,0,-74.09512990557164,0.0,0.5,0.0,1.0
2025,2025-08-10,PHX,ATL,66,74,0,0,0,-7.105404164523179,0.0,0.5,0.0,1.0
2025,2025-08-10,LA,SEA,94,91,1,1,0,-60.71353381538188,0.0,0.5,0.0,1.0
2025,2025-08-10,LV,CON,94,86,1,1,0,200.90878131653767,0.0,0.5,0.0,1.0
2025,2025-08-11,GS,CON,74,57,1,1,0,95.78492389031908,0.0,0.5,0.0,1.0
2025,2025-08-12,IND,DAL,80,81,0,0,0,185.62540282128657,0.0,0.5,0.0,1.0
2025,2025-08-12,LA,NY,97,105,0,0,0,-175.84612058854896,0.0,0.5,0.0,1.0
2025,2025-08-13,CON,CHI,71,62,1,1,0,50.42541451209377,0.0,0.5,0.0,1.0
2025,2025-08-13,WSH,GS,83,88,0,0,0,-74.91522995535388,0.0,0.5,0.0,1.0
2025,2025-08-13,LV,NY,83,77,1,1,0,-17.476927841411225,0.0,0.5,0.0,1.0
2025,2025-08-13,SEA,ATL,75,85,0,0,0,-37.727083728244,0.0,0.5,0.0,1.0
2025,2025-08-15,IND,WSH,84,88,0,0,0,85.82446537117426,0.0,0.5,0.0,1.0
2025,2025-08-15,CHI,GS,59,90,0,0,0,-174.2944610065838,0.0,0.5,0.0,1.0
2025,2025-08-15,DAL,LA,96,97,0,0,0,-86.78972833863736,0.0,0.5,0.0,1.0
2025,2025-08-15,ATL,SEA,78,80,0,0,1,59.00746236090481,0.0,0.5,0.0,0.0
2025,2025-08-15,PHX,LV,83,86,0,0,0,-125.66275390496912,0.0,0.5,0.0,1.0
2025,2025-08-16,MIN,NY,86,80,1,1,0,56.47526442901608,0.0,0.5,0.0,1.0
2025,2025-08-17,CON,IND,93,99,0,0,0,-87.8202960032786,0.0,0.5,0.0,1.0
2025,2025-08-17,WSH,LA,95,86,1,1,0,-14.427753494601347,0.0,0.5,0.0,1.0
2025,2025-08-17,LV,DAL,106,87,1,1,0,284.87177344769384,0.0,0.5,0.0,1.0
2025,2025-08-17,SEA,PHX,82,85,0,0,0,1.574167008806171,0.0,0.5,0.0,1.0
2025,2025-08-17,GS,ATL,63,79,0,0,0,-2.424454282592933,0.0,0.5,0.0,1.0
2025,2025-08-19,NY,MIN,85,75,1,1,0,-70.01078976940016,0.0,0.5,0.0,1.0
2025,2025-08-19,WSH,CON,69,80,0,0,0,47.826433714621544,0.0,0.5,0.0,1.0
2025,2025-08-19,CHI,SEA,88,94,0,0,0,-142.97016034612443,0.0,0.5,0.0,1.0
2025,2025-08-19,LV,ATL,74,72,1,1,0,95.48316890404772,0.0,0.5,0.0,1.0
2025,2025-08-19,GS,PHX,91,98,0,0,0,11.396643986224717,0.0,0.5,0.0,1.0
2025,2025-08-20,LA,DAL,81,80,1,1,0,98.97006427185556,0.0,0.5,0.0,1.0
2025,2025-08-21,CON,WSH,67,56,1,1,0,-21.811334763384366,0.0,0.5,0.0,1.0
2025,2025-08-21,NY,CHI,85,91,0,0,0,298.0341338203407,0.0,0.5,0.0,1.0
2025,2025-08-21,ATL,MIN,75,73,1,1,0,-143.60470774951273,0.0,0.5,0.0,1.0
2025,2025-08-21,LV,PHX,83,61,1,1,0,126.36350319527878,0.0,0.5,0.0,1.0
2025,2025-08-22,IND,MIN,90,95,0,0,0,-159.33165800395636,0.0,0.5,0.0,1.0
2025,2025-08-22,DAL,SEA,60,95,0,0,0,-148.5554072147197,0.0,0.5,0.0,1.0
2025,2025-08-22,PHX,GS,81,72,1,1,0,7.558945899687842,0.0,0.5,0.0,1.0
2025,2025-08-23,ATL,NY,78,62,1,1,0,-64.06797556502352,0.0,0.5,0.0,1.0
2025,2025-08-23,WSH,LV,81,91,0,0,0,-220.5799999308315,0.0,0.5,0.0,1.0
2025,2025-08-23,CHI,CON,84,94,0,0,0,-73.72565878996943,0.0,0.5,0.0,1.0
2025,2025-08-24,WSH,SEA,82,84,0,0,0,-76.00149777160914,0.0,0.5,0.0,1.0
2025,2025-08-24,DAL,GS,81,90,0,0,0,-161.62823151334646,0.0,0.5,0.0,1.0
2025,2025-08-24,MIN,IND,97,84,1,1,0,173.7645308677479,0.0,0.5,0.0,1.0
2025,2025-08-25,NY,CON,81,79,1,1,0,169.10402888199474,0.0,0.5,0.0,1.0
2025,2025-08-25,CHI,LV,74,79,0,0,0,-313.5930034937728,0.0,0.5,0.0,1.0
2025,2025-08-26,IND,SEA,95,75,1,1,0,-10.899363418586518,0.0,0.5,0.0,1.0
2025,2025-08-26,LA,PHX,84,92,0,0,0,-67.43317366449833,0.0,0.5,0.0,1.0
2025,2025-08-27,ATL,LV,75,81,0,0,0,-99.15679462713865,0.0,0.5,0.0,1.0
2025,2025-08-27,DAL,CON,95,101,0,0,0,-101.7848150626944,0.0,0.5,0.0,1.0
2025,2025-08-28,NY,WSH,89,63,1,1,0,194.14972192097912,0.0,0.5,0.0,1.0
2025,2025-08-28,MIN,SEA,79,93,0,0,0,179.72452488959448,0.0,0.5,0.0,1.0
2025,2025-08-28,PHX,CHI,83,79,1,1,0,192.98895641903255,0.0,0.5,0.0,1.0
2025,2025-08-29,ATL,DAL,100,78,1,1,0,231.20067045143423,0.0,0.5,0.0,1.0
2025,2025-08-29,LA,IND,75,76,0,0,0,-62.67465423006979,0.0,0.5,0.0,1.0
2025,2025-08-30,CON,MIN,70,94,0,0,0,-224.82147482403843,0.0,0.5,0.0,1.0
2025,2025-08-30,GS,WSH,99,62,1,1,0,94.51988918268694,0.0,0.5,0.0,1.0
2025,2025-08-30,SEA,CHI,79,69,1,1,0,182.1257353730589,0.0,0.5,0.0,1.0
2025,2025-08-30,PHX,NY,80,63,1,1,0,-77.02081241695896,0.0,0.5,0.0,1.0
2025,2025-08-31,LA,WSH,81,78,1,1,0,29.764573625693174,0.0,0.5,0.0,1.0
2025,2025-08-31,GS,IND,75,63,1,1,0,-6.1167562019752495,0.0,0.5,0.0,1.0
2025,2025-09-01,CON,ATL,76,93,0,0,0,-120.54398071339006,0.0,0.5,0.0,1.0
2025,2025-09-01,MIN,DAL,96,71,1,1,0,352.9468209559793,0.0,0.5,0.0,1.0
2025,2025-09-01,SEA,LA,85,91,0,0,0,78.78825156845528,0.0,0.5,0.0,1.0
2025,2025-09-02,GS,NY,66,58,1,1,0,-82.37492031720558,0.0,0.5,0.0,1.0
2025,2025-09-02,PHX,IND,85,79,1,1,0,37.139227889875656,0.0,0.5,0.0,1.0
2025,2025-09-03,ATL,LA,86,75,1,1,0,107.1971432886346,0.0,0.5,0.0,1.0
2025,2025-09-03,CHI,CON,88,64,1,1,0,-95.18804219509866,0.0,0.5,0.0,1.0
2025,2025-09-04,WSH,PHX,69,75,0,0,0,-155.71017442914103,0.0,0.5,0.0,1.0
2025,2025-09-04,GS,DAL,84,80,1,1,0,214.5217797495386,0.0,0.5,0.0,1.0
2025,2025-09-04,LV,MIN,97,87,1,1,0,-3.380842160423299,0.0,0.5,0.0,1.0
2025,2025-09-05,ATL,LA,104,85,1,1,0,118.25254758796768,0.0,0.5,0.0,1.0
2025,2025-09-05,IND,CHI,97,77,1,1,0,159.59243738422265,0.0,0.5,0.0,1.0
2025,2025-09-05,SEA,NY,76,84,0,0,0,-84.13147045659275,0.0,0.5,0.0,1.0
2025,2025-09-06,CON,PHX,87,84,1,1,0,-145.42468701399184,0.0,0.5,0.0,1.0
2025,2025-09-06,GS,MIN,72,78,0,0,0,-130.02265180666313,0.0,0.5,0.0,1.0
2025,2025-09-07,WSH,IND,65,94,0,0,0,-115.73977545568368,0.0,0.5,0.0,1.0
2025,2025-09-07,LA,DAL,91,77,1,1,0,132.8911971307873,0.0,0.5,0.0,1.0
2025,2025-09-07,LV,CHI,80,66,1,1,0,339.5481006815419,0.0,0.5,0.0,1.0
2025,2025-09-08,ATL,CON,87,62,1,1,0,146.49714794108422,0.0,0.5,0.0,1.0
2025,2025-09-09,NY,WSH,75,66,1,1,0,218.86283867120437,0.0,0.5,0.0,1.0
2025,2025-09-09,IND,MIN,83,72,1,1,0,-157.35842762934703,0.0,0.5,0.0,1.0
2025,2025-09-09,LV,CHI,92,61,1,1,0,343.19307295054637,0.0,0.5,0.0,1.0
2025,2025-09-09,PHX,LA,83,88,0,0,0,97.9569679866213,0.0,0.5,0.0,1.0
2025,2025-09-09,SEA,GS,74,73,1,1,0,-27.753026224806263,0.0,0.5,0.0,1.0
2025,2025-09-10,CON,ATL,72,88,0,0,0,-155.83685789083847,0.0,0.5,0.0,1.0
2025,2025-09-11,CHI,NY,86,91,0,0,0,-270.0725786999908,0.0,0.5,0.0,1.0
2025,2025-09-11,DAL,PHX,97,76,1,1,0,-226.5032052791937,0.0,0.5,0.0,1.0
2025,2025-09-11,MIN,GS,72,53,1,1,0,142.3889534577645,0.0,0.5,0.0,1.0
2025,2025-09-11,LA,LV,75,103,0,0,0,-216.26939562799544,0.0,0.5,0.0,1.0
2025,2025-09-14,MIN,GS,101,72,1,1,0,151.89902896640365,0.0,0.5,0.0,1.0
2025,2025-09-14,ATL,IND,80,68,1,1,0,58.91789751998817,0.0,0.5,0.0,1.0
2025,2025-09-14,PHX,NY,69,76,0,0,0,-89.18282835939704,0.0,0.5,0.0,1.0
2025,2025-09-14,LV,SEA,102,77,1,1,0,179.49438517765861,0.0,0.5,0.0,1.0
2025,2025-09-16,IND,ATL,77,60,1,1,0,-72.32779110721572,0.0,0.5,0.0,1.0
2025,2025-09-16,SEA,LV,86,83,1,1,0,-187.54348236536384,0.0,0.5,0.0,1.0
2025,2025-09-17,NY,PHX,60,86,0,0,0,107.5068692482339,0.0,0.5,0.0,1.0
2025,2025-09-17,GS,MIN,74,75,0,0,0,-161.01797332023557,0.0,0.5,0.0,1.0
2025,2025-09-18,ATL,IND,85,87,0,0,0,51.61844406811474,0.0,0.5,0.0,1.0
2025,2025-09-18,LV,SEA,74,73,1,1,0,160.5144382284186,0.0,0.5,0.0,1.0
2025,2025-09-19,PHX,NY,79,73,1,1,0,-78.5480160862628,0.0,0.5,0.0,1.0
2025,2025-09-21,LV,IND,73,89,0,0,0,137.53875082434274,0.0,0.5,0.0,1.0
2025,2025-09-21,MIN,PHX,82,69,1,1,0,140.19965892951245,0.0,0.5,0.0,1.0
2025,2025-09-23,MIN,PHX,83,89,0,0,0,149.80139281615243,0.0,0.5,0.0,1.0
2025,2025-09-23,LV,IND,90,68,1,1,0,107.25269903282037,0.0,0.5,0.0,1.0
2025,2025-09-26,IND,LV,72,84,0,0,0,-118.30554512486219,0.0,0.5,0.0,1.0
2025,2025-09-26,PHX,MIN,84,76,1,1,0,-119.00562482100281,0.0,0.5,0.0,1.0
2025,2025-09-28,IND,LV,90,83,1,1,0,-134.98036482339444,0.0,0.5,0.0,1.0
2025,2025-09-28,PHX,MIN,86,81,1,1,0,-95.64127183923779,0.0,0.5,0.0,1.0
2025,2025-09-30,LV,IND,107,98,1,1,0,110.72993110048878,0.0,0.5,0.0,1.0
2025,2025-10-03,LV,PHX,89,86,1,1,0,104.85301438045303,0.0,0.5,0.0,1.0
2025,2025-10-05,LV,PHX,91,78,1,1,0,116.01669291893563,0.0,0.5,0.0,1.0
2025,2025-10-08,PHX,LV,88,90,0,0,0,-126.67059372409699,0.0,0.5,0.0,1.0
2025,2025-10-10,PHX,LV,86,97,0,0,0,-142.87914954241228,0.0,0.5,0.0,1.0
